"v1013","mes_nome","faixa_etaria","raca","comorbidade_codigo","comorbidade","n_amostra","qtd_respostas_sim","pop_estimada_com_comorbidade","pct_com_comorbidade"
"10","Outubro","0-17","Amarela","B0106","Cancer","381","0","0.0","0.0"
"10","Outubro","40-49","Indigena","B0106","Cancer","198","0","0.0","0.0"
"10","Outubro","60+","Branca","B0106","Cancer","33246","1566","796179.0","5.0541"
"10","Outubro","40-49",,"B0106","Cancer","14","0","0.0","0.0"
"10","Outubro","50-59","Parda","B0106","Cancer","23044","308","147824.0","1.4459"
"10","Outubro","0-17","Parda","B0106","Cancer","47618","40","24029.0","0.0915"
"10","Outubro","60+","Indigena","B0106","Cancer","212","5","3095.0","3.8566"
"10","Outubro","0-17","Indigena","B0106","Cancer","397","1","1855.0","1.2843"
"10","Outubro","50-59","Indigena","B0106","Cancer","185","2","1718.0","2.4938"
"10","Outubro","30-39","Preta","B0106","Cancer","5185","20","10828.0","0.3238"
"10","Outubro","18-29","Amarela","B0106","Cancer","380","0","0.0","0.0"
"10","Outubro","60+","Amarela","B0106","Cancer","503","24","15778.0","4.6207"
"10","Outubro","18-29","Parda","B0106","Cancer","33153","62","42998.0","0.2183"
"10","Outubro","50-59","Amarela","B0106","Cancer","224","1","1080.0","0.8204"
"10","Outubro","18-29","Preta","B0106","Cancer","5645","9","5450.0","0.1407"
"10","Outubro","40-49","Preta","B0106","Cancer","5057","35","17577.0","0.6021"
"10","Outubro","30-39","Parda","B0106","Cancer","28057","106","64362.0","0.4022"
"10","Outubro","50-59","Branca","B0106","Cancer","22192","468","220699.0","1.9902"
"10","Outubro","18-29","Indigena","B0106","Cancer","259","1","366.0","0.3327"
"10","Outubro","40-49","Branca","B0106","Cancer","22129","254","141968.0","1.1108"
"10","Outubro","30-39","Indigena","B0106","Cancer","252","1","381.0","0.3163"
"10","Outubro","30-39","Branca","B0106","Cancer","21918","114","74880.0","0.5245"
"10","Outubro","30-39","Amarela","B0106","Cancer","379","3","3708.0","1.2514"
"10","Outubro","60+","Preta","B0106","Cancer","5329","143","74171.0","2.9462"
"10","Outubro","18-29","Branca","B0106","Cancer","23837","52","36762.0","0.2273"
"10","Outubro","40-49","Parda","B0106","Cancer","26651","175","102346.0","0.7727"
"10","Outubro","0-17","Preta","B0106","Cancer","5549","2","2077.0","0.0592"
"10","Outubro","40-49","Amarela","B0106","Cancer","338","3","1201.0","0.5528"
"10","Outubro","0-17","Branca","B0106","Cancer","35751","31","21094.0","0.0913"
"10","Outubro","50-59","Preta","B0106","Cancer","4511","68","38611.0","1.6624"
"10","Outubro","60+","Parda","B0106","Cancer","27793","679","308745.0","2.6506"
"10","Outubro","30-39",,"B0106","Cancer","7","0","0.0","0.0"
"11","Novembro","18-29","Parda","B0106","Cancer","33109","59","43968.0","0.2227"
"11","Novembro","0-17","Parda","B0106","Cancer","47689","36","18541.0","0.0707"
"9","Setembro","60+","Indigena","B0106","Cancer","214","5","3101.0","3.7359"
"9","Setembro","40-49","Indigena","B0106","Cancer","200","0","0.0","0.0"
"9","Setembro","0-17","Preta","B0106","Cancer","5700","2","1996.0","0.0564"
"11","Novembro","50-59","Branca","B0106","Cancer","22273","472","224795.0","2.0128"
"11","Novembro","30-39","Indigena","B0106","Cancer","245","1","392.0","0.3118"
"11","Novembro","60+","Amarela","B0106","Cancer","501","23","15687.0","4.572"
"11","Novembro","40-49","Branca","B0106","Cancer","22198","251","132510.0","1.0374"
"9","Setembro","18-29","Branca","B0106","Cancer","24458","52","33392.0","0.2059"
"9","Setembro","40-49","Amarela","B0106","Cancer","340","3","1424.0","0.6499"
"11","Novembro","50-59","Parda","B0106","Cancer","23149","306","146155.0","1.4308"
"9","Setembro","30-39","Parda","B0106","Cancer","28670","103","58366.0","0.3654"
"9","Setembro","40-49","Preta","B0106","Cancer","5140","38","18374.0","0.626"
"11","Novembro","0-17","Indigena","B0106","Cancer","392","1","1831.0","1.1747"
"9","Setembro","18-29","Parda","B0106","Cancer","33839","59","39148.0","0.1997"
"11","Novembro","30-39","Preta","B0106","Cancer","5222","21","11343.0","0.3385"
"9","Setembro","18-29","Preta","B0106","Cancer","5766","7","4752.0","0.1235"
"9","Setembro","0-17","Amarela","B0106","Cancer","422","0","0.0","0.0"
"9","Setembro","50-59","Indigena","B0106","Cancer","183","0","0.0","0.0"
"11","Novembro","0-17","Branca","B0106","Cancer","35662","29","24003.0","0.1038"
"9","Setembro","0-17",,"B0106","Cancer","27","0","0.0","0.0"
"9","Setembro","60+","Amarela","B0106","Cancer","510","25","18152.0","5.307"
"9","Setembro","50-59","Branca","B0106","Cancer","22438","481","227365.0","2.0441"
"11","Novembro","18-29","Branca","B0106","Cancer","23685","47","32830.0","0.2033"
"11","Novembro","40-49","Amarela","B0106","Cancer","351","3","1332.0","0.5803"
"11","Novembro","18-29","Amarela","B0106","Cancer","377","0","0.0","0.0"
"11","Novembro","50-59","Preta","B0106","Cancer","4519","68","37117.0","1.6153"
"11","Novembro","50-59","Indigena","B0106","Cancer","185","0","0.0","0.0"
"11","Novembro","50-59","Amarela","B0106","Cancer","234","1","1114.0","0.8313"
"9","Setembro","50-59","Parda","B0106","Cancer","23318","304","145824.0","1.4345"
"11","Novembro","30-39","Parda","B0106","Cancer","28038","102","64435.0","0.4041"
"11","Novembro","60+","Parda","B0106","Cancer","28064","695","315061.0","2.6867"
"9","Setembro","50-59","Preta","B0106","Cancer","4536","61","32607.0","1.424"
"9","Setembro","18-29","Amarela","B0106","Cancer","396","0","0.0","0.0"
"11","Novembro","0-17","Preta","B0106","Cancer","5521","2","2076.0","0.0597"
"9","Setembro","40-49","Branca","B0106","Cancer","22424","261","141655.0","1.1077"
"11","Novembro","40-49","Parda","B0106","Cancer","26905","182","102793.0","0.7752"
"11","Novembro","60+","Preta","B0106","Cancer","5352","147","74538.0","2.9757"
"11","Novembro","60+","Indigena","B0106","Cancer","212","5","2958.0","3.7423"
"9","Setembro","30-39","Preta","B0106","Cancer","5314","22","13290.0","0.4003"
"9","Setembro","18-29","Indigena","B0106","Cancer","259","1","398.0","0.3485"
"9","Setembro","30-39",,"B0106","Cancer","11","0","0.0","0.0"
"11","Novembro","60+","Branca","B0106","Cancer","33453","1596","813858.0","5.1467"
"11","Novembro","40-49","Preta","B0106","Cancer","5130","37","18908.0","0.6417"
"9","Setembro","60+","Parda","B0106","Cancer","28167","668","299777.0","2.5661"
"11","Novembro","18-29","Preta","B0106","Cancer","5660","8","5361.0","0.1384"
"11","Novembro","40-49","Indigena","B0106","Cancer","202","0","0.0","0.0"
"11","Novembro","18-29","Indigena","B0106","Cancer","252","1","353.0","0.3208"
"9","Setembro","60+","Preta","B0106","Cancer","5310","138","69374.0","2.7981"
"9","Setembro","60+",,"B0106","Cancer","16","1","761.0","11.4855"
"11","Novembro","0-17","Amarela","B0106","Cancer","395","0","0.0","0.0"
"11","Novembro","30-39","Amarela","B0106","Cancer","382","2","828.0","0.2868"
"9","Setembro","0-17","Branca","B0106","Cancer","36391","35","21223.0","0.0924"
"11","Novembro","30-39","Branca","B0106","Cancer","21985","119","78146.0","0.5454"
"9","Setembro","40-49","Parda","B0106","Cancer","27037","178","94258.0","0.717"
"9","Setembro","30-39","Branca","B0106","Cancer","22476","111","69503.0","0.4866"
"9","Setembro","60+","Branca","B0106","Cancer","33439","1547","784532.0","5.0139"
"9","Setembro","50-59","Amarela","B0106","Cancer","240","4","2820.0","2.0512"
"9","Setembro","0-17","Parda","B0106","Cancer","49003","41","23764.0","0.0901"
"9","Setembro","30-39","Indigena","B0106","Cancer","248","1","365.0","0.3037"
"9","Setembro","30-39","Amarela","B0106","Cancer","385","4","3953.0","1.3847"
"9","Setembro","18-29",,"B0106","Cancer","10","0","0.0","0.0"
"9","Setembro","40-49",,"B0106","Cancer","12","0","0.0","0.0"
"9","Setembro","0-17","Indigena","B0106","Cancer","385","2","2220.0","1.5674"
"10","Outubro","60+",,"B0106","Cancer","10","0","0.0","0.0"
"9","Setembro","50-59",,"B0106","Cancer","14","0","0.0","0.0"
"11","Novembro","30-39",,"B0106","Cancer","13","0","0.0","0.0"
"11","Novembro","40-49",,"B0106","Cancer","24","0","0.0","0.0"
"10","Outubro","18-29",,"B0106","Cancer","13","0","0.0","0.0"
"10","Outubro","0-17",,"B0106","Cancer","36","0","0.0","0.0"
"11","Novembro","50-59",,"B0106","Cancer","6","0","0.0","0.0"
"11","Novembro","18-29",,"B0106","Cancer","19","0","0.0","0.0"
"11","Novembro","0-17",,"B0106","Cancer","29","0","0.0","0.0"
"11","Novembro","60+",,"B0106","Cancer","5","0","0.0","0.0"
"10","Outubro","50-59",,"B0106","Cancer","8","0","0.0","0.0"
"10","Outubro","0-17","Amarela","B0105","Depressao","381","1","161.0","0.0625"
"10","Outubro","40-49","Indigena","B0105","Depressao","198","6","1983.0","2.3452"
"10","Outubro","60+","Branca","B0105","Depressao","33246","2175","1059457.0","6.7247"
"10","Outubro","40-49",,"B0105","Depressao","14","0","0.0","0.0"
"10","Outubro","50-59","Parda","B0105","Depressao","23044","1018","466379.0","4.5607"
"10","Outubro","0-17","Parda","B0105","Depressao","47618","155","78037.0","0.2972"
"10","Outubro","60+","Indigena","B0105","Depressao","212","9","3046.0","3.7954"
"10","Outubro","0-17","Indigena","B0105","Depressao","397","1","79.0","0.0549"
"10","Outubro","50-59","Indigena","B0105","Depressao","185","11","4040.0","5.8642"
"10","Outubro","30-39","Preta","B0105","Depressao","5185","127","78738.0","2.3545"
"10","Outubro","18-29","Amarela","B0105","Depressao","380","11","6783.0","2.593"
"10","Outubro","60+","Amarela","B0105","Depressao","503","22","12277.0","3.5954"
"10","Outubro","18-29","Parda","B0105","Depressao","33153","502","322752.0","1.6389"
"10","Outubro","50-59","Amarela","B0105","Depressao","224","8","4365.0","3.3172"
"10","Outubro","18-29","Preta","B0105","Depressao","5645","117","88456.0","2.2832"
"10","Outubro","40-49","Preta","B0105","Depressao","5057","165","90557.0","3.1015"
"10","Outubro","30-39","Parda","B0105","Depressao","28057","685","408194.0","2.5507"
"10","Outubro","50-59","Branca","B0105","Depressao","22192","1453","708155.0","6.3848"
"10","Outubro","18-29","Indigena","B0105","Depressao","259","5","1734.0","1.5773"
"10","Outubro","40-49","Branca","B0105","Depressao","22129","1101","630019.0","4.9295"
"10","Outubro","30-39","Indigena","B0105","Depressao","252","5","2225.0","1.8464"
"10","Outubro","30-39","Branca","B0105","Depressao","21918","788","484273.0","3.3922"
"10","Outubro","30-39","Amarela","B0105","Depressao","379","8","7326.0","2.4724"
"10","Outubro","60+","Preta","B0105","Depressao","5329","180","93079.0","3.6973"
"10","Outubro","18-29","Branca","B0105","Depressao","23837","578","400094.0","2.473"
"10","Outubro","40-49","Parda","B0105","Depressao","26651","929","490488.0","3.7024"
"10","Outubro","0-17","Preta","B0105","Depressao","5549","19","10920.0","0.3112"
"10","Outubro","40-49","Amarela","B0105","Depressao","338","10","4941.0","2.2736"
"10","Outubro","0-17","Branca","B0105","Depressao","35751","137","86973.0","0.3763"
"10","Outubro","50-59","Preta","B0105","Depressao","4511","184","98531.0","4.2423"
"10","Outubro","60+","Parda","B0105","Depressao","27793","1120","489899.0","4.2045"
"10","Outubro","30-39",,"B0105","Depressao","7","0","0.0","0.0"
"9","Setembro","60+","Indigena","B0105","Depressao","214","9","3909.0","4.7092"
"10","Outubro","18-29",,"B0105","Depressao","13","0","0.0","0.0"
"9","Setembro","0-17","Preta","B0105","Depressao","5700","19","10831.0","0.3063"
"9","Setembro","18-29","Branca","B0105","Depressao","24458","598","420626.0","2.5939"
"9","Setembro","40-49","Amarela","B0105","Depressao","340","9","5074.0","2.3159"
"9","Setembro","30-39","Parda","B0105","Depressao","28670","662","376080.0","2.3547"
"9","Setembro","40-49","Preta","B0105","Depressao","5140","169","85648.0","2.9176"
"9","Setembro","18-29","Parda","B0105","Depressao","33839","498","313082.0","1.597"
"9","Setembro","18-29","Preta","B0105","Depressao","5766","111","78454.0","2.0398"
"9","Setembro","0-17","Amarela","B0105","Depressao","422","2","654.0","0.2377"
"9","Setembro","50-59","Indigena","B0105","Depressao","183","6","1524.0","2.2318"
"9","Setembro","50-59",,"B0105","Depressao","14","0","0.0","0.0"
"9","Setembro","60+","Amarela","B0105","Depressao","510","23","12810.0","3.745"
"10","Outubro","60+",,"B0105","Depressao","10","0","0.0","0.0"
"9","Setembro","50-59","Branca","B0105","Depressao","22438","1409","664393.0","5.9712"
"9","Setembro","50-59","Parda","B0105","Depressao","23318","1018","457141.0","4.496"
"9","Setembro","50-59","Preta","B0105","Depressao","4536","178","95381.0","4.1655"
"9","Setembro","18-29","Amarela","B0105","Depressao","396","9","6107.0","2.2896"
"9","Setembro","40-49","Branca","B0105","Depressao","22424","1101","618975.0","4.8399"
"9","Setembro","30-39","Preta","B0105","Depressao","5314","130","76020.0","2.2896"
"9","Setembro","18-29","Indigena","B0105","Depressao","259","6","1974.0","1.7286"
"9","Setembro","60+","Parda","B0105","Depressao","28167","1107","472710.0","4.0462"
"10","Outubro","50-59",,"B0105","Depressao","8","0","0.0","0.0"
"10","Outubro","0-17",,"B0105","Depressao","36","0","0.0","0.0"
"9","Setembro","60+","Preta","B0105","Depressao","5310","169","86244.0","3.4769"
"9","Setembro","60+",,"B0105","Depressao","16","0","0.0","0.0"
"9","Setembro","0-17","Branca","B0105","Depressao","36391","129","76413.0","0.3327"
"9","Setembro","40-49","Parda","B0105","Depressao","27037","921","480620.0","3.654"
"9","Setembro","30-39","Branca","B0105","Depressao","22476","809","495660.0","3.4704"
"9","Setembro","60+","Branca","B0105","Depressao","33439","2128","1026638.0","6.5605"
"9","Setembro","50-59","Amarela","B0105","Depressao","240","11","7055.0","5.1315"
"9","Setembro","0-17","Parda","B0105","Depressao","49003","152","79112.0","0.3"
"9","Setembro","30-39","Indigena","B0105","Depressao","248","4","1848.0","1.5381"
"9","Setembro","30-39","Amarela","B0105","Depressao","385","7","6264.0","2.1939"
"9","Setembro","0-17","Indigena","B0105","Depressao","385","1","77.0","0.0541"
"11","Novembro","0-17","Parda","B0105","Depressao","47689","157","80377.0","0.3064"
"11","Novembro","18-29","Parda","B0105","Depressao","33109","513","330214.0","1.6722"
"9","Setembro","40-49","Indigena","B0105","Depressao","200","9","3305.0","3.9761"
"11","Novembro","50-59","Branca","B0105","Depressao","22273","1469","719049.0","6.4378"
"11","Novembro","30-39","Indigena","B0105","Depressao","245","5","1983.0","1.5783"
"11","Novembro","60+","Amarela","B0105","Depressao","501","24","14460.0","4.21"
"11","Novembro","40-49","Branca","B0105","Depressao","22198","1112","627541.0","4.9129"
"11","Novembro","50-59","Parda","B0105","Depressao","23149","1025","473349.0","4.6332"
"11","Novembro","0-17","Indigena","B0105","Depressao","392","1","78.0","0.0501"
"11","Novembro","30-39","Preta","B0105","Depressao","5222","134","83924.0","2.504"
"11","Novembro","0-17","Branca","B0105","Depressao","35662","137","85160.0","0.3681"
"11","Novembro","18-29","Branca","B0105","Depressao","23685","575","400694.0","2.4807"
"11","Novembro","40-49","Amarela","B0105","Depressao","351","12","6083.0","2.6502"
"11","Novembro","18-29","Amarela","B0105","Depressao","377","9","5646.0","2.1211"
"11","Novembro","50-59","Amarela","B0105","Depressao","234","8","5179.0","3.8662"
"11","Novembro","50-59","Preta","B0105","Depressao","4519","174","93999.0","4.0888"
"11","Novembro","50-59","Indigena","B0105","Depressao","185","10","3448.0","5.2074"
"11","Novembro","60+","Parda","B0105","Depressao","28064","1149","492637.0","4.2009"
"11","Novembro","30-39","Parda","B0105","Depressao","28038","701","415195.0","2.6039"
"11","Novembro","0-17","Preta","B0105","Depressao","5521","19","11510.0","0.3311"
"11","Novembro","40-49","Parda","B0105","Depressao","26905","946","497126.0","3.7479"
"11","Novembro","60+","Preta","B0105","Depressao","5352","189","100701.0","4.0201"
"11","Novembro","60+","Indigena","B0105","Depressao","212","11","4880.0","6.1729"
"11","Novembro","40-49","Preta","B0105","Depressao","5130","172","95233.0","3.2318"
"11","Novembro","60+","Branca","B0105","Depressao","33453","2210","1073661.0","6.7894"
"11","Novembro","18-29","Preta","B0105","Depressao","5660","106","79008.0","2.0398"
"11","Novembro","40-49","Indigena","B0105","Depressao","202","7","2087.0","2.4001"
"11","Novembro","18-29","Indigena","B0105","Depressao","252","5","1664.0","1.5131"
"11","Novembro","0-17","Amarela","B0105","Depressao","395","2","657.0","0.2427"
"11","Novembro","30-39","Amarela","B0105","Depressao","382","9","8552.0","2.9632"
"11","Novembro","30-39","Branca","B0105","Depressao","21985","794","506101.0","3.5319"
"9","Setembro","18-29",,"B0105","Depressao","10","0","0.0","0.0"
"9","Setembro","0-17",,"B0105","Depressao","27","0","0.0","0.0"
"9","Setembro","40-49",,"B0105","Depressao","12","0","0.0","0.0"
"11","Novembro","30-39",,"B0105","Depressao","13","0","0.0","0.0"
"11","Novembro","40-49",,"B0105","Depressao","24","0","0.0","0.0"
"11","Novembro","18-29",,"B0105","Depressao","19","1","568.0","4.4841"
"11","Novembro","0-17",,"B0105","Depressao","29","0","0.0","0.0"
"9","Setembro","30-39",,"B0105","Depressao","11","0","0.0","0.0"
"11","Novembro","50-59",,"B0105","Depressao","6","0","0.0","0.0"
"11","Novembro","60+",,"B0105","Depressao","5","0","0.0","0.0"
"10","Outubro","0-17","Amarela","B0104","Doenca do coracao","381","0","0.0","0.0"
"11","Novembro","18-29","Parda","B0103","Asma ou bronquite","33109","1530","991891.0","5.023"
"11","Novembro","0-17","Parda","B0103","Asma ou bronquite","47689","2488","1551121.0","5.9123"
"10","Outubro","0-17","Amarela","B0103","Asma ou bronquite","381","23","13717.0","5.3394"
"10","Outubro","40-49","Indigena","B0104","Doenca do coracao","198","1","249.0","0.2943"
"9","Setembro","60+","Indigena","B0104","Doenca do coracao","214","22","8736.0","10.5245"
"10","Outubro","18-29",,"B0104","Doenca do coracao","13","0","0.0","0.0"
"10","Outubro","60+","Branca","B0104","Doenca do coracao","33246","3752","1832588.0","11.632"
"10","Outubro","40-49",,"B0104","Doenca do coracao","14","0","0.0","0.0"
"9","Setembro","0-17","Preta","B0104","Doenca do coracao","5700","22","11541.0","0.3264"
"10","Outubro","40-49","Indigena","B0103","Asma ou bronquite","198","9","3405.0","4.0262"
"10","Outubro","60+","Branca","B0103","Asma ou bronquite","33246","1945","941845.0","5.9784"
"11","Novembro","50-59","Branca","B0103","Asma ou bronquite","22273","1088","578938.0","5.1834"
"11","Novembro","60+","Amarela","B0103","Asma ou bronquite","501","25","12593.0","3.6663"
"11","Novembro","30-39","Indigena","B0103","Asma ou bronquite","245","14","10306.0","8.2013"
"10","Outubro","50-59","Parda","B0103","Asma ou bronquite","23044","880","395435.0","3.8669"
"10","Outubro","0-17","Parda","B0103","Asma ou bronquite","47618","2475","1533758.0","5.8403"
"10","Outubro","60+","Indigena","B0103","Asma ou bronquite","212","9","3245.0","4.044"
"10","Outubro","0-17","Indigena","B0103","Asma ou bronquite","397","13","5190.0","3.5937"
"10","Outubro","50-59","Indigena","B0103","Asma ou bronquite","185","5","1326.0","1.9249"
"11","Novembro","40-49","Branca","B0103","Asma ou bronquite","22198","1027","611976.0","4.7908"
"10","Outubro","30-39","Preta","B0103","Asma ou bronquite","5185","216","139460.0","4.1702"
"10","Outubro","0-17","Parda","B0104","Doenca do coracao","47618","138","94450.0","0.3597"
"10","Outubro","50-59","Parda","B0104","Doenca do coracao","23044","840","375167.0","3.6688"
"10","Outubro","0-17","Indigena","B0104","Doenca do coracao","397","1","292.0","0.2023"
"10","Outubro","60+","Indigena","B0104","Doenca do coracao","212","23","8997.0","11.2108"
"10","Outubro","50-59","Indigena","B0104","Doenca do coracao","185","9","2650.0","3.8468"
"10","Outubro","30-39","Preta","B0104","Doenca do coracao","5185","54","32479.0","0.9712"
"9","Setembro","18-29","Branca","B0104","Doenca do coracao","24458","129","81652.0","0.5034"
"9","Setembro","40-49","Amarela","B0104","Doenca do coracao","340","5","1788.0","0.8161"
"11","Novembro","50-59","Parda","B0103","Asma ou bronquite","23149","879","393684.0","3.8535"
"10","Outubro","60+","Amarela","B0103","Asma ou bronquite","503","24","9617.0","2.8164"
"10","Outubro","18-29","Amarela","B0103","Asma ou bronquite","380","17","13839.0","5.2903"
"10","Outubro","18-29","Parda","B0103","Asma ou bronquite","33153","1550","983243.0","4.993"
"10","Outubro","50-59","Amarela","B0103","Asma ou bronquite","224","9","4908.0","3.7256"
"11","Novembro","0-17","Indigena","B0103","Asma ou bronquite","392","11","4598.0","2.9504"
"11","Novembro","30-39","Preta","B0103","Asma ou bronquite","5222","231","148737.0","4.4378"
"10","Outubro","18-29","Preta","B0103","Asma ou bronquite","5645","301","226022.0","5.8336"
"10","Outubro","40-49","Preta","B0103","Asma ou bronquite","5057","237","151524.0","5.1896"
"11","Novembro","0-17","Branca","B0103","Asma ou bronquite","35662","2347","1640658.0","7.0915"
"10","Outubro","30-39","Parda","B0103","Asma ou bronquite","28057","1134","704431.0","4.4018"
"10","Outubro","60+",,"B0103","Asma ou bronquite","10","0","0.0","0.0"
"11","Novembro","18-29","Branca","B0103","Asma ou bronquite","23685","1428","1082207.0","6.6996"
"11","Novembro","18-29","Amarela","B0103","Asma ou bronquite","377","18","13125.0","4.9306"
"11","Novembro","40-49","Amarela","B0103","Asma ou bronquite","351","14","7947.0","3.4625"
"10","Outubro","50-59","Branca","B0103","Asma ou bronquite","22192","1094","588069.0","5.3021"
"10","Outubro","18-29","Amarela","B0104","Doenca do coracao","380","0","0.0","0.0"
"10","Outubro","60+","Amarela","B0104","Doenca do coracao","503","42","30600.0","8.9614"
"9","Setembro","30-39","Parda","B0104","Doenca do coracao","28670","226","125737.0","0.7872"
"10","Outubro","18-29","Parda","B0104","Doenca do coracao","33153","175","109964.0","0.5584"
"10","Outubro","50-59","Amarela","B0104","Doenca do coracao","224","4","3341.0","2.5363"
"9","Setembro","40-49","Preta","B0104","Doenca do coracao","5140","101","57597.0","1.9616"
"9","Setembro","18-29","Parda","B0104","Doenca do coracao","33839","166","97436.0","0.497"
"9","Setembro","18-29","Preta","B0104","Doenca do coracao","5766","34","22897.0","0.5953"
"10","Outubro","18-29","Preta","B0104","Doenca do coracao","5645","38","22776.0","0.5879"
"9","Setembro","0-17","Amarela","B0104","Doenca do coracao","422","0","0.0","0.0"
"10","Outubro","40-49","Preta","B0104","Doenca do coracao","5057","103","55716.0","1.9083"
"9","Setembro","50-59","Indigena","B0104","Doenca do coracao","183","9","2640.0","3.8652"
"9","Setembro","50-59",,"B0104","Doenca do coracao","14","1","395.0","7.3868"
"10","Outubro","30-39","Parda","B0104","Doenca do coracao","28057","217","126269.0","0.789"
"9","Setembro","60+","Amarela","B0104","Doenca do coracao","510","42","31446.0","9.1936"
"10","Outubro","60+",,"B0104","Doenca do coracao","10","1","608.0","9.4774"
"10","Outubro","18-29","Indigena","B0103","Asma ou bronquite","259","10","3940.0","3.585"
"11","Novembro","50-59","Preta","B0103","Asma ou bronquite","4519","188","105507.0","4.5894"
"11","Novembro","50-59","Amarela","B0103","Asma ou bronquite","234","11","7005.0","5.2294"
"11","Novembro","50-59","Indigena","B0103","Asma ou bronquite","185","6","1451.0","2.1906"
"10","Outubro","40-49","Branca","B0103","Asma ou bronquite","22129","1023","605000.0","4.7335"
"11","Novembro","30-39","Parda","B0103","Asma ou bronquite","28038","1128","699261.0","4.3854"
"11","Novembro","60+","Parda","B0103","Asma ou bronquite","28064","1385","604637.0","5.1558"
"11","Novembro","0-17","Preta","B0103","Asma ou bronquite","5521","391","266943.0","7.6789"
"10","Outubro","30-39","Indigena","B0103","Asma ou bronquite","252","14","9364.0","7.7703"
"11","Novembro","40-49","Parda","B0103","Asma ou bronquite","26905","1031","570284.0","4.2996"
"11","Novembro","60+","Preta","B0103","Asma ou bronquite","5352","270","132742.0","5.2993"
"10","Outubro","30-39","Branca","B0103","Asma ou bronquite","21918","1043","754123.0","5.2825"
"11","Novembro","60+","Indigena","B0103","Asma ou bronquite","212","10","4146.0","5.2447"
"10","Outubro","60+","Preta","B0103","Asma ou bronquite","5329","261","129868.0","5.1587"
"10","Outubro","30-39","Amarela","B0103","Asma ou bronquite","379","20","13708.0","4.6264"
"11","Novembro","60+","Branca","B0103","Asma ou bronquite","33453","1964","943317.0","5.9651"
"11","Novembro","40-49","Preta","B0103","Asma ou bronquite","5130","251","157685.0","5.3511"
"10","Outubro","18-29","Branca","B0103","Asma ou bronquite","23837","1451","1050579.0","6.4926"
"11","Novembro","18-29","Preta","B0103","Asma ou bronquite","5660","325","251186.0","6.4849"
"11","Novembro","18-29","Indigena","B0103","Asma ou bronquite","252","10","4172.0","3.7942"
"11","Novembro","40-49","Indigena","B0103","Asma ou bronquite","202","9","3533.0","4.0627"
"11","Novembro","0-17","Amarela","B0103","Asma ou bronquite","395","25","14374.0","5.31"
"10","Outubro","40-49","Parda","B0103","Asma ou bronquite","26651","1039","581999.0","4.3931"
"11","Novembro","30-39","Amarela","B0103","Asma ou bronquite","382","19","13248.0","4.5903"
"11","Novembro","30-39","Branca","B0103","Asma ou bronquite","21985","1042","737442.0","5.1463"
"10","Outubro","0-17","Preta","B0103","Asma ou bronquite","5549","395","265353.0","7.5631"
"10","Outubro","40-49","Amarela","B0103","Asma ou bronquite","338","14","9807.0","4.5126"
"10","Outubro","0-17","Branca","B0103","Asma ou bronquite","35751","2334","1626976.0","7.0397"
"10","Outubro","50-59","Preta","B0103","Asma ou bronquite","4511","188","103885.0","4.4728"
"10","Outubro","60+","Parda","B0103","Asma ou bronquite","27793","1355","602444.0","5.17"
"9","Setembro","60+","Indigena","B0103","Asma ou bronquite","214","11","4290.0","5.1684"
"9","Setembro","40-49","Indigena","B0103","Asma ou bronquite","200","8","2870.0","3.4523"
"9","Setembro","50-59","Branca","B0104","Doenca do coracao","22438","838","437187.0","3.9292"
"10","Outubro","50-59","Branca","B0104","Doenca do coracao","22192","860","459695.0","4.1446"
"10","Outubro","18-29","Indigena","B0104","Doenca do coracao","259","1","237.0","0.2157"
"10","Outubro","40-49","Branca","B0104","Doenca do coracao","22129","378","228911.0","1.7913"
"9","Setembro","50-59","Parda","B0104","Doenca do coracao","23318","835","370276.0","3.6417"
"9","Setembro","50-59","Preta","B0104","Doenca do coracao","4536","214","110842.0","4.8407"
"9","Setembro","18-29","Amarela","B0104","Doenca do coracao","396","0","0.0","0.0"
"10","Outubro","30-39","Indigena","B0104","Doenca do coracao","252","4","3281.0","2.7224"
"9","Setembro","40-49","Branca","B0104","Doenca do coracao","22424","394","243309.0","1.9027"
"10","Outubro","30-39","Branca","B0104","Doenca do coracao","21918","186","134089.0","0.9393"
"10","Outubro","60+","Preta","B0104","Doenca do coracao","5329","485","238269.0","9.4646"
"10","Outubro","30-39","Amarela","B0104","Doenca do coracao","379","6","4498.0","1.5181"
"9","Setembro","30-39","Preta","B0104","Doenca do coracao","5314","50","28145.0","0.8477"
"9","Setembro","18-29","Indigena","B0104","Doenca do coracao","259","1","238.0","0.2082"
"9","Setembro","60+","Parda","B0104","Doenca do coracao","28167","2523","1111625.0","9.515"
"10","Outubro","18-29","Branca","B0104","Doenca do coracao","23837","120","80677.0","0.4986"
"10","Outubro","50-59",,"B0104","Doenca do coracao","8","0","0.0","0.0"
"10","Outubro","0-17",,"B0104","Doenca do coracao","36","0","0.0","0.0"
"9","Setembro","60+","Preta","B0104","Doenca do coracao","5310","465","221776.0","8.9407"
"9","Setembro","60+",,"B0104","Doenca do coracao","16","0","0.0","0.0"
"10","Outubro","40-49","Parda","B0104","Doenca do coracao","26651","469","248124.0","1.8729"
"9","Setembro","0-17","Branca","B0104","Doenca do coracao","36391","148","83755.0","0.3647"
"10","Outubro","0-17","Preta","B0104","Doenca do coracao","5549","26","16829.0","0.4797"
"10","Outubro","40-49","Amarela","B0104","Doenca do coracao","338","3","1087.0","0.5001"
"9","Setembro","40-49","Parda","B0104","Doenca do coracao","27037","468","238590.0","1.814"
"9","Setembro","30-39","Branca","B0104","Doenca do coracao","22476","179","115246.0","0.8069"
"10","Outubro","0-17","Branca","B0104","Doenca do coracao","35751","138","85348.0","0.3693"
"9","Setembro","60+","Branca","B0104","Doenca do coracao","33439","3715","1792689.0","11.4554"
"9","Setembro","50-59","Amarela","B0104","Doenca do coracao","240","4","3764.0","2.7376"
"10","Outubro","60+","Parda","B0104","Doenca do coracao","27793","2554","1140290.0","9.7856"
"10","Outubro","50-59","Preta","B0104","Doenca do coracao","4511","209","108031.0","4.6513"
"10","Outubro","30-39",,"B0104","Doenca do coracao","7","0","0.0","0.0"
"9","Setembro","0-17","Preta","B0103","Asma ou bronquite","5700","407","258933.0","7.3228"
"9","Setembro","18-29","Branca","B0103","Asma ou bronquite","24458","1445","1085514.0","6.693"
"9","Setembro","40-49","Amarela","B0103","Asma ou bronquite","340","14","9659.0","4.4082"
"9","Setembro","30-39","Parda","B0103","Asma ou bronquite","28670","1135","697231.0","4.3658"
"9","Setembro","40-49","Preta","B0103","Asma ou bronquite","5140","242","157441.0","5.3633"
"9","Setembro","18-29","Parda","B0103","Asma ou bronquite","33839","1502","942998.0","4.8101"
"9","Setembro","18-29","Preta","B0103","Asma ou bronquite","5766","309","223981.0","5.8235"
"9","Setembro","0-17","Amarela","B0103","Asma ou bronquite","422","23","12123.0","4.4094"
"9","Setembro","50-59","Indigena","B0103","Asma ou bronquite","183","7","1787.0","2.6167"
"9","Setembro","0-17",,"B0103","Asma ou bronquite","27","0","0.0","0.0"
"9","Setembro","60+","Amarela","B0103","Asma ou bronquite","510","23","9484.0","2.7727"
"9","Setembro","50-59","Branca","B0103","Asma ou bronquite","22438","1094","578680.0","5.201"
"9","Setembro","50-59","Parda","B0103","Asma ou bronquite","23318","895","394058.0","3.8753"
"9","Setembro","50-59","Preta","B0103","Asma ou bronquite","4536","186","98691.0","4.31"
"9","Setembro","18-29","Amarela","B0103","Asma ou bronquite","396","16","12394.0","4.6469"
"9","Setembro","40-49","Branca","B0103","Asma ou bronquite","22424","1062","616511.0","4.8205"
"9","Setembro","30-39","Preta","B0103","Asma ou bronquite","5314","223","142543.0","4.2934"
"9","Setembro","18-29","Indigena","B0103","Asma ou bronquite","259","10","3295.0","2.8856"
"9","Setembro","30-39",,"B0103","Asma ou bronquite","11","0","0.0","0.0"
"9","Setembro","60+","Parda","B0103","Asma ou bronquite","28167","1347","589870.0","5.049"
"9","Setembro","60+","Preta","B0103","Asma ou bronquite","5310","260","128295.0","5.1712"
"9","Setembro","60+",,"B0103","Asma ou bronquite","16","0","0.0","0.0"
"9","Setembro","0-17","Branca","B0103","Asma ou bronquite","36391","2327","1571363.0","6.8412"
"9","Setembro","40-49","Parda","B0103","Asma ou bronquite","27037","1020","532928.0","4.0517"
"9","Setembro","30-39","Branca","B0103","Asma ou bronquite","22476","1081","768175.0","5.3785"
"9","Setembro","60+","Branca","B0103","Asma ou bronquite","33439","1924","928310.0","5.9322"
"9","Setembro","50-59","Amarela","B0103","Asma ou bronquite","240","8","5169.0","3.7599"
"9","Setembro","0-17","Parda","B0103","Asma ou bronquite","49003","2457","1484283.0","5.6273"
"9","Setembro","30-39","Indigena","B0103","Asma ou bronquite","248","13","8483.0","7.0583"
"9","Setembro","30-39","Amarela","B0103","Asma ou bronquite","385","18","13220.0","4.6305"
"10","Outubro","18-29",,"B0103","Asma ou bronquite","13","0","0.0","0.0"
"10","Outubro","40-49",,"B0103","Asma ou bronquite","14","1","355.0","5.297"
"10","Outubro","50-59",,"B0103","Asma ou bronquite","8","1","347.0","13.3013"
"10","Outubro","0-17",,"B0103","Asma ou bronquite","36","0","0.0","0.0"
"9","Setembro","0-17","Indigena","B0103","Asma ou bronquite","385","11","5076.0","3.5839"
"11","Novembro","30-39",,"B0103","Asma ou bronquite","13","0","0.0","0.0"
"11","Novembro","40-49",,"B0103","Asma ou bronquite","24","0","0.0","0.0"
"11","Novembro","18-29",,"B0103","Asma ou bronquite","19","0","0.0","0.0"
"11","Novembro","50-59",,"B0103","Asma ou bronquite","6","0","0.0","0.0"
"11","Novembro","0-17",,"B0103","Asma ou bronquite","29","0","0.0","0.0"
"10","Outubro","30-39",,"B0103","Asma ou bronquite","7","0","0.0","0.0"
"9","Setembro","18-29",,"B0103","Asma ou bronquite","10","1","2109.0","26.1222"
"9","Setembro","50-59",,"B0103","Asma ou bronquite","14","0","0.0","0.0"
"9","Setembro","40-49",,"B0103","Asma ou bronquite","12","0","0.0","0.0"
"11","Novembro","60+",,"B0103","Asma ou bronquite","5","0","0.0","0.0"
"9","Setembro","0-17","Parda","B0104","Doenca do coracao","49003","140","91648.0","0.3475"
"9","Setembro","30-39","Indigena","B0104","Doenca do coracao","248","4","3252.0","2.7057"
"9","Setembro","30-39","Amarela","B0104","Doenca do coracao","385","6","4467.0","1.5646"
"9","Setembro","0-17","Indigena","B0104","Doenca do coracao","385","1","264.0","0.1866"
"9","Setembro","40-49","Indigena","B0104","Doenca do coracao","200","1","248.0","0.2981"
"9","Setembro","30-39",,"B0104","Doenca do coracao","11","0","0.0","0.0"
"11","Novembro","18-29","Parda","B0104","Doenca do coracao","33109","168","104413.0","0.5287"
"11","Novembro","0-17","Parda","B0104","Doenca do coracao","47689","137","95419.0","0.3637"
"11","Novembro","30-39",,"B0104","Doenca do coracao","13","0","0.0","0.0"
"11","Novembro","50-59","Branca","B0104","Doenca do coracao","22273","865","456724.0","4.0892"
"11","Novembro","30-39","Indigena","B0104","Doenca do coracao","245","4","3657.0","2.9102"
"11","Novembro","60+","Amarela","B0104","Doenca do coracao","501","41","31524.0","9.1778"
"11","Novembro","40-49","Branca","B0104","Doenca do coracao","22198","383","232706.0","1.8221"
"11","Novembro","50-59","Parda","B0104","Doenca do coracao","23149","858","381707.0","3.7363"
"11","Novembro","0-17","Indigena","B0104","Doenca do coracao","392","1","446.0","0.286"
"11","Novembro","30-39","Preta","B0104","Doenca do coracao","5222","53","37109.0","1.1072"
"11","Novembro","0-17","Branca","B0104","Doenca do coracao","35662","132","80751.0","0.3491"
"11","Novembro","18-29","Branca","B0104","Doenca do coracao","23685","120","83030.0","0.514"
"11","Novembro","40-49","Amarela","B0104","Doenca do coracao","351","5","1778.0","0.7745"
"11","Novembro","18-29","Amarela","B0104","Doenca do coracao","377","0","0.0","0.0"
"11","Novembro","50-59","Preta","B0104","Doenca do coracao","4519","211","105337.0","4.582"
"11","Novembro","50-59","Amarela","B0104","Doenca do coracao","234","4","3306.0","2.4683"
"11","Novembro","50-59","Indigena","B0104","Doenca do coracao","185","9","2685.0","4.0541"
"11","Novembro","30-39","Parda","B0104","Doenca do coracao","28038","226","127225.0","0.7979"
"11","Novembro","60+","Parda","B0104","Doenca do coracao","28064","2605","1156200.0","9.8591"
"11","Novembro","0-17","Preta","B0104","Doenca do coracao","5521","25","16838.0","0.4844"
"11","Novembro","40-49","Parda","B0104","Doenca do coracao","26905","480","239176.0","1.8033"
"11","Novembro","60+","Preta","B0104","Doenca do coracao","5352","476","233601.0","9.3257"
"11","Novembro","60+","Indigena","B0104","Doenca do coracao","212","20","8345.0","10.5561"
"11","Novembro","40-49",,"B0104","Doenca do coracao","24","0","0.0","0.0"
"11","Novembro","60+","Branca","B0104","Doenca do coracao","33453","3815","1855999.0","11.7362"
"11","Novembro","40-49","Preta","B0104","Doenca do coracao","5130","105","61419.0","2.0843"
"11","Novembro","18-29",,"B0104","Doenca do coracao","19","0","0.0","0.0"
"11","Novembro","18-29","Preta","B0104","Doenca do coracao","5660","39","25451.0","0.6571"
"11","Novembro","40-49","Indigena","B0104","Doenca do coracao","202","0","0.0","0.0"
"11","Novembro","18-29","Indigena","B0104","Doenca do coracao","252","1","240.0","0.2184"
"11","Novembro","0-17","Amarela","B0104","Doenca do coracao","395","0","0.0","0.0"
"11","Novembro","30-39","Amarela","B0104","Doenca do coracao","382","8","5796.0","2.0083"
"11","Novembro","30-39","Branca","B0104","Doenca do coracao","21985","171","122736.0","0.8565"
"11","Novembro","0-17",,"B0104","Doenca do coracao","29","0","0.0","0.0"
"9","Setembro","40-49",,"B0104","Doenca do coracao","12","0","0.0","0.0"
"11","Novembro","60+",,"B0104","Doenca do coracao","5","0","0.0","0.0"
"9","Setembro","18-29",,"B0104","Doenca do coracao","10","0","0.0","0.0"
"9","Setembro","0-17",,"B0104","Doenca do coracao","27","0","0.0","0.0"
"11","Novembro","50-59",,"B0104","Doenca do coracao","6","0","0.0","0.0"
"9","Setembro","60+","Indigena","B0101","Diabetes","214","38","13249.0","15.9618"
"9","Setembro","40-49","Indigena","B0101","Diabetes","200","4","747.0","0.8989"
"9","Setembro","0-17","Preta","B0101","Diabetes","5700","13","6415.0","0.1814"
"9","Setembro","18-29","Branca","B0101","Diabetes","24458","112","78519.0","0.4841"
"9","Setembro","40-49","Amarela","B0101","Diabetes","340","23","21189.0","9.6702"
"9","Setembro","30-39","Parda","B0101","Diabetes","28670","463","255309.0","1.5984"
"9","Setembro","40-49","Preta","B0101","Diabetes","5140","292","170107.0","5.7943"
"9","Setembro","18-29","Parda","B0101","Diabetes","33839","158","93784.0","0.4784"
"9","Setembro","18-29","Preta","B0101","Diabetes","5766","41","28717.0","0.7466"
"9","Setembro","0-17","Amarela","B0101","Diabetes","422","0","0.0","0.0"
"9","Setembro","50-59","Indigena","B0101","Diabetes","183","15","3474.0","5.0875"
"9","Setembro","50-59",,"B0101","Diabetes","14","1","249.0","4.6495"
"9","Setembro","0-17",,"B0101","Diabetes","27","0","0.0","0.0"
"9","Setembro","60+","Amarela","B0101","Diabetes","510","108","76861.0","22.4708"
"9","Setembro","50-59","Branca","B0101","Diabetes","22438","2113","1100816.0","9.8933"
"9","Setembro","50-59","Parda","B0101","Diabetes","23318","2482","1144536.0","11.2556"
"9","Setembro","50-59","Preta","B0101","Diabetes","4536","580","280620.0","12.2552"
"9","Setembro","18-29","Amarela","B0101","Diabetes","396","0","0.0","0.0"
"9","Setembro","40-49","Branca","B0101","Diabetes","22424","886","512577.0","4.0087"
"9","Setembro","30-39","Preta","B0101","Diabetes","5314","93","62884.0","1.894"
"9","Setembro","18-29","Indigena","B0101","Diabetes","259","0","0.0","0.0"
"9","Setembro","30-39",,"B0101","Diabetes","11","0","0.0","0.0"
"9","Setembro","60+","Parda","B0101","Diabetes","28167","5661","2437540.0","20.8629"
"9","Setembro","60+","Preta","B0101","Diabetes","5310","1069","527095.0","21.2562"
"9","Setembro","0-17","Branca","B0101","Diabetes","36391","81","46251.0","0.2014"
"9","Setembro","30-39","Branca","B0101","Diabetes","22476","351","231097.0","1.618"
"9","Setembro","40-49","Parda","B0101","Diabetes","27037","1253","622063.0","4.7292"
"9","Setembro","60+","Branca","B0101","Diabetes","33439","6442","3138471.0","20.0571"
"9","Setembro","50-59","Amarela","B0101","Diabetes","240","25","17287.0","12.5741"
"9","Setembro","0-17","Parda","B0101","Diabetes","49003","76","41847.0","0.1587"
"9","Setembro","30-39","Indigena","B0101","Diabetes","248","5","2881.0","2.3972"
"9","Setembro","30-39","Amarela","B0101","Diabetes","385","6","4950.0","1.7337"
"9","Setembro","0-17","Indigena","B0101","Diabetes","385","0","0.0","0.0"
"10","Outubro","0-17","Amarela","B0101","Diabetes","381","0","0.0","0.0"
"10","Outubro","40-49","Indigena","B0101","Diabetes","198","5","904.0","1.0685"
"10","Outubro","18-29",,"B0101","Diabetes","13","0","0.0","0.0"
"10","Outubro","60+","Branca","B0101","Diabetes","33246","6463","3174474.0","20.1477"
"10","Outubro","40-49",,"B0101","Diabetes","14","0","0.0","0.0"
"10","Outubro","0-17","Parda","B0101","Diabetes","47618","78","45765.0","0.1743"
"10","Outubro","50-59","Parda","B0101","Diabetes","23044","2503","1166473.0","11.4069"
"10","Outubro","0-17","Indigena","B0101","Diabetes","397","0","0.0","0.0"
"10","Outubro","60+","Indigena","B0101","Diabetes","212","39","13305.0","16.5794"
"10","Outubro","50-59","Indigena","B0101","Diabetes","185","16","4676.0","6.7872"
"10","Outubro","30-39","Preta","B0101","Diabetes","5185","98","67103.0","2.0063"
"10","Outubro","18-29","Amarela","B0101","Diabetes","380","0","0.0","0.0"
"10","Outubro","60+","Amarela","B0101","Diabetes","503","105","78105.0","22.8731"
"10","Outubro","18-29","Parda","B0101","Diabetes","33153","168","103494.0","0.5256"
"10","Outubro","50-59","Amarela","B0101","Diabetes","224","22","16134.0","12.2466"
"10","Outubro","18-29","Preta","B0101","Diabetes","5645","38","29664.0","0.7656"
"10","Outubro","40-49","Preta","B0101","Diabetes","5057","290","167353.0","5.7326"
"10","Outubro","30-39","Parda","B0101","Diabetes","28057","458","267883.0","1.6738"
"10","Outubro","60+",,"B0101","Diabetes","10","1","938.0","14.625"
"10","Outubro","50-59","Branca","B0101","Diabetes","22192","2127","1131050.0","10.1976"
"10","Outubro","18-29","Indigena","B0101","Diabetes","259","0","0.0","0.0"
"10","Outubro","40-49","Branca","B0101","Diabetes","22129","892","514670.0","4.0274"
"10","Outubro","30-39","Indigena","B0101","Diabetes","252","7","3803.0","3.1557"
"10","Outubro","30-39","Branca","B0101","Diabetes","21918","346","236141.0","1.6541"
"10","Outubro","60+","Preta","B0101","Diabetes","5329","1073","535024.0","21.2537"
"10","Outubro","30-39","Amarela","B0101","Diabetes","379","6","2994.0","1.0103"
"10","Outubro","18-29","Branca","B0101","Diabetes","23837","110","80487.0","0.4974"
"10","Outubro","50-59",,"B0101","Diabetes","8","0","0.0","0.0"
"10","Outubro","0-17",,"B0101","Diabetes","36","0","0.0","0.0"
"9","Setembro","60+",,"B0101","Diabetes","16","1","893.0","13.47"
"10","Outubro","40-49","Parda","B0101","Diabetes","26651","1247","638475.0","4.8195"
"10","Outubro","0-17","Preta","B0101","Diabetes","5549","14","6810.0","0.1941"
"10","Outubro","40-49","Amarela","B0101","Diabetes","338","21","18949.0","8.7186"
"10","Outubro","0-17","Branca","B0101","Diabetes","35751","77","44016.0","0.1905"
"10","Outubro","60+","Parda","B0101","Diabetes","27793","5659","2471681.0","21.2072"
"10","Outubro","50-59","Preta","B0101","Diabetes","4511","584","295970.0","12.7432"
"10","Outubro","30-39",,"B0101","Diabetes","7","0","0.0","0.0"
"9","Setembro","18-29",,"B0101","Diabetes","10","0","0.0","0.0"
"9","Setembro","40-49",,"B0101","Diabetes","12","0","0.0","0.0"
"11","Novembro","0-17","Parda","B0101","Diabetes","47689","85","50734.0","0.1934"
"11","Novembro","18-29","Parda","B0101","Diabetes","33109","169","110160.0","0.5579"
"11","Novembro","30-39",,"B0101","Diabetes","13","0","0.0","0.0"
"11","Novembro","50-59","Branca","B0101","Diabetes","22273","2108","1117582.0","10.0062"
"11","Novembro","60+","Amarela","B0101","Diabetes","501","103","74245.0","21.6158"
"11","Novembro","30-39","Indigena","B0101","Diabetes","245","7","3748.0","2.9826"
"11","Novembro","40-49","Branca","B0101","Diabetes","22198","896","530339.0","4.1517"
"11","Novembro","50-59","Parda","B0101","Diabetes","23149","2538","1179635.0","11.5456"
"11","Novembro","0-17","Indigena","B0101","Diabetes","392","0","0.0","0.0"
"11","Novembro","30-39","Preta","B0101","Diabetes","5222","97","69465.0","2.0726"
"11","Novembro","0-17","Branca","B0101","Diabetes","35662","78","46145.0","0.1995"
"11","Novembro","18-29","Branca","B0101","Diabetes","23685","113","85669.0","0.5304"
"11","Novembro","18-29","Amarela","B0101","Diabetes","377","0","0.0","0.0"
"11","Novembro","40-49","Amarela","B0101","Diabetes","351","21","18814.0","8.1969"
"11","Novembro","50-59","Preta","B0101","Diabetes","4519","574","282891.0","12.3053"
"11","Novembro","50-59","Amarela","B0101","Diabetes","234","25","17894.0","13.3585"
"11","Novembro","50-59","Indigena","B0101","Diabetes","185","17","4665.0","7.0446"
"11","Novembro","30-39","Parda","B0101","Diabetes","28038","459","268027.0","1.681"
"11","Novembro","60+","Parda","B0101","Diabetes","28064","5750","2484070.0","21.1823"
"11","Novembro","0-17","Preta","B0101","Diabetes","5521","14","8154.0","0.2345"
"11","Novembro","40-49","Parda","B0101","Diabetes","26905","1226","629133.0","4.7434"
"11","Novembro","60+","Preta","B0101","Diabetes","5352","1098","537927.0","21.4762"
"11","Novembro","60+","Indigena","B0101","Diabetes","212","40","11984.0","15.1601"
"11","Novembro","40-49",,"B0101","Diabetes","24","0","0.0","0.0"
"11","Novembro","40-49","Preta","B0101","Diabetes","5130","292","174263.0","5.9145"
"11","Novembro","60+","Branca","B0101","Diabetes","33453","6484","3169685.0","20.0416"
"11","Novembro","18-29",,"B0101","Diabetes","19","0","0.0","0.0"
"11","Novembro","18-29","Preta","B0101","Diabetes","5660","36","24970.0","0.6447"
"11","Novembro","18-29","Indigena","B0101","Diabetes","252","0","0.0","0.0"
"11","Novembro","40-49","Indigena","B0101","Diabetes","202","4","657.0","0.7551"
"11","Novembro","0-17","Amarela","B0101","Diabetes","395","0","0.0","0.0"
"11","Novembro","30-39","Amarela","B0101","Diabetes","382","8","3683.0","1.276"
"11","Novembro","30-39","Branca","B0101","Diabetes","21985","335","220927.0","1.5418"
"11","Novembro","0-17",,"B0101","Diabetes","29","0","0.0","0.0"
"11","Novembro","60+",,"B0101","Diabetes","5","1","933.0","50.2457"
"11","Novembro","50-59",,"B0101","Diabetes","6","0","0.0","0.0"
"10","Outubro","0-17","Amarela","B0102","Hipertensao","381","0","0.0","0.0"
"10","Outubro","40-49","Indigena","B0102","Hipertensao","198","27","10545.0","12.4679"
"9","Setembro","60+","Indigena","B0102","Hipertensao","214","94","37027.0","44.6068"
"9","Setembro","40-49","Indigena","B0102","Hipertensao","200","27","9731.0","11.706"
"10","Outubro","18-29",,"B0102","Hipertensao","13","0","0.0","0.0"
"10","Outubro","60+","Branca","B0102","Hipertensao","33246","15225","7214792.0","45.7894"
"9","Setembro","0-17","Preta","B0102","Hipertensao","5700","10","4723.0","0.1336"
"10","Outubro","50-59","Parda","B0102","Hipertensao","23044","6670","2957023.0","28.9165"
"10","Outubro","0-17","Parda","B0102","Hipertensao","47618","59","38924.0","0.1482"
"10","Outubro","60+","Indigena","B0102","Hipertensao","212","94","34039.0","42.3112"
"10","Outubro","0-17","Indigena","B0102","Hipertensao","397","0","0.0","0.0"
"10","Outubro","50-59","Indigena","B0102","Hipertensao","185","53","16313.0","23.6787"
"10","Outubro","30-39","Preta","B0102","Hipertensao","5185","361","225503.0","6.7422"
"9","Setembro","18-29","Branca","B0102","Hipertensao","24458","270","180556.0","1.1133"
"10","Outubro","60+","Amarela","B0102","Hipertensao","503","204","127795.0","37.4253"
"10","Outubro","18-29","Amarela","B0102","Hipertensao","380","4","2606.0","0.9962"
"9","Setembro","30-39","Parda","B0102","Hipertensao","28670","1566","875703.0","5.4824"
"10","Outubro","18-29","Parda","B0102","Hipertensao","33153","444","272310.0","1.3827"
"10","Outubro","50-59","Amarela","B0102","Hipertensao","224","46","25841.0","19.6149"
"9","Setembro","40-49","Preta","B0102","Hipertensao","5140","876","518633.0","17.6635"
"9","Setembro","18-29","Parda","B0102","Hipertensao","33839","445","284647.0","1.4519"
"9","Setembro","18-29","Preta","B0102","Hipertensao","5766","105","79662.0","2.0712"
"10","Outubro","18-29","Preta","B0102","Hipertensao","5645","113","88366.0","2.2807"
"10","Outubro","40-49","Preta","B0102","Hipertensao","5057","889","533839.0","18.2838"
"9","Setembro","50-59","Indigena","B0102","Hipertensao","183","59","18269.0","26.7526"
"10","Outubro","30-39","Parda","B0102","Hipertensao","28057","1547","877393.0","5.4823"
"9","Setembro","60+","Amarela","B0102","Hipertensao","510","207","124175.0","36.3035"
"10","Outubro","60+",,"B0102","Hipertensao","10","2","2296.0","35.7881"
"9","Setembro","50-59","Branca","B0102","Hipertensao","22438","5927","2950688.0","26.52"
"10","Outubro","50-59","Branca","B0102","Hipertensao","22192","5927","2980071.0","26.8686"
"10","Outubro","18-29","Indigena","B0102","Hipertensao","259","2","656.0","0.5965"
"10","Outubro","40-49","Branca","B0102","Hipertensao","22129","2965","1735856.0","13.5817"
"9","Setembro","50-59","Parda","B0102","Hipertensao","23318","6713","2940688.0","28.921"
"9","Setembro","50-59","Preta","B0102","Hipertensao","4536","1504","774963.0","33.844"
"9","Setembro","18-29","Amarela","B0102","Hipertensao","396","4","2298.0","0.8617"
"10","Outubro","30-39","Indigena","B0102","Hipertensao","252","17","7804.0","6.4761"
"9","Setembro","40-49","Branca","B0102","Hipertensao","22424","3001","1712974.0","13.3932"
"10","Outubro","30-39","Branca","B0102","Hipertensao","21918","1099","746793.0","5.2312"
"10","Outubro","60+","Preta","B0102","Hipertensao","5329","2824","1355708.0","53.852"
"10","Outubro","30-39","Amarela","B0102","Hipertensao","379","16","10836.0","3.6572"
"9","Setembro","30-39","Preta","B0102","Hipertensao","5314","383","230003.0","6.9274"
"9","Setembro","30-39",,"B0102","Hipertensao","11","0","0.0","0.0"
"9","Setembro","18-29","Indigena","B0102","Hipertensao","259","2","629.0","0.5513"
"9","Setembro","60+","Parda","B0102","Hipertensao","28167","13573","5712132.0","48.8819"
"10","Outubro","18-29","Branca","B0102","Hipertensao","23837","269","176208.0","1.089"
"10","Outubro","0-17",,"B0102","Hipertensao","36","0","0.0","0.0"
"9","Setembro","60+","Preta","B0102","Hipertensao","5310","2752","1308764.0","52.7615"
"9","Setembro","60+",,"B0102","Hipertensao","16","5","3266.0","49.2824"
"10","Outubro","40-49","Parda","B0102","Hipertensao","26651","3911","1966578.0","14.845"
"9","Setembro","0-17","Branca","B0102","Hipertensao","36391","36","19081.0","0.0831"
"10","Outubro","0-17","Preta","B0102","Hipertensao","5549","8","4003.0","0.1141"
"10","Outubro","40-49","Amarela","B0102","Hipertensao","338","48","34131.0","15.7045"
"9","Setembro","30-39","Branca","B0102","Hipertensao","22476","1126","747494.0","5.2337"
"9","Setembro","40-49","Parda","B0102","Hipertensao","27037","3945","1937422.0","14.7301"
"10","Outubro","0-17","Branca","B0102","Hipertensao","35751","37","19956.0","0.0864"
"9","Setembro","60+","Branca","B0102","Hipertensao","33439","15162","7113484.0","45.4542"
"9","Setembro","50-59","Amarela","B0102","Hipertensao","240","51","29471.0","21.4366"
"10","Outubro","60+","Parda","B0102","Hipertensao","27793","13614","5780006.0","49.5883"
"10","Outubro","50-59","Preta","B0102","Hipertensao","4511","1499","790557.0","34.038"
"10","Outubro","30-39",,"B0102","Hipertensao","7","0","0.0","0.0"
"9","Setembro","0-17","Parda","B0102","Hipertensao","49003","64","37990.0","0.144"
"9","Setembro","30-39","Indigena","B0102","Hipertensao","248","19","9450.0","7.8634"
"9","Setembro","0-17","Indigena","B0102","Hipertensao","385","0","0.0","0.0"
"9","Setembro","30-39","Amarela","B0102","Hipertensao","385","17","10008.0","3.5056"
"11","Novembro","0-17","Parda","B0102","Hipertensao","47689","47","29329.0","0.1118"
"11","Novembro","18-29","Parda","B0102","Hipertensao","33109","464","290702.0","1.4721"
"11","Novembro","50-59","Branca","B0102","Hipertensao","22273","5941","2997341.0","26.8368"
"11","Novembro","60+","Amarela","B0102","Hipertensao","501","208","127531.0","37.1294"
"11","Novembro","30-39","Indigena","B0102","Hipertensao","245","20","10349.0","8.2356"
"11","Novembro","40-49","Branca","B0102","Hipertensao","22198","2972","1725600.0","13.5093"
"9","Setembro","40-49","Amarela","B0102","Hipertensao","340","52","32780.0","14.9604"
"11","Novembro","50-59","Parda","B0102","Hipertensao","23149","6766","2985729.0","29.2243"
"11","Novembro","0-17","Indigena","B0102","Hipertensao","392","0","0.0","0.0"
"11","Novembro","30-39","Preta","B0102","Hipertensao","5222","369","223065.0","6.6555"
"9","Setembro","0-17","Amarela","B0102","Hipertensao","422","0","0.0","0.0"
"11","Novembro","0-17","Branca","B0102","Hipertensao","35662","28","16610.0","0.0718"
"9","Setembro","50-59",,"B0102","Hipertensao","14","4","1504.0","28.1242"
"11","Novembro","18-29","Branca","B0102","Hipertensao","23685","266","180509.0","1.1175"
"11","Novembro","40-49","Amarela","B0102","Hipertensao","351","55","39774.0","17.3286"
"11","Novembro","18-29","Amarela","B0102","Hipertensao","377","5","2912.0","1.0939"
"11","Novembro","50-59","Preta","B0102","Hipertensao","4519","1527","791938.0","34.4479"
"11","Novembro","50-59","Indigena","B0102","Hipertensao","185","59","18197.0","27.4785"
"11","Novembro","50-59","Amarela","B0102","Hipertensao","234","50","27083.0","20.2186"
"11","Novembro","60+","Parda","B0102","Hipertensao","28064","13835","5830272.0","49.7155"
"11","Novembro","30-39","Parda","B0102","Hipertensao","28038","1534","850546.0","5.3343"
"11","Novembro","0-17","Preta","B0102","Hipertensao","5521","7","3363.0","0.0967"
"11","Novembro","40-49","Parda","B0102","Hipertensao","26905","3911","1946772.0","14.677"
"11","Novembro","60+","Preta","B0102","Hipertensao","5352","2843","1348452.0","53.8323"
"11","Novembro","60+","Indigena","B0102","Hipertensao","212","99","34025.0","43.0427"
"11","Novembro","60+","Branca","B0102","Hipertensao","33453","15388","7301869.0","46.1673"
"11","Novembro","40-49","Preta","B0102","Hipertensao","5130","888","528535.0","17.936"
"11","Novembro","18-29","Preta","B0102","Hipertensao","5660","107","83054.0","2.1442"
"11","Novembro","18-29","Indigena","B0102","Hipertensao","252","2","647.0","0.5881"
"11","Novembro","40-49","Indigena","B0102","Hipertensao","202","27","10296.0","11.8405"
"11","Novembro","0-17","Amarela","B0102","Hipertensao","395","0","0.0","0.0"
"11","Novembro","30-39","Amarela","B0102","Hipertensao","382","19","12123.0","4.2006"
"11","Novembro","30-39","Branca","B0102","Hipertensao","21985","1128","763147.0","5.3257"
"11","Novembro","30-39",,"B0102","Hipertensao","13","0","0.0","0.0"
"11","Novembro","18-29",,"B0102","Hipertensao","19","0","0.0","0.0"
"11","Novembro","0-17",,"B0102","Hipertensao","29","0","0.0","0.0"
"10","Outubro","40-49",,"B0102","Hipertensao","14","1","355.0","5.297"
"10","Outubro","50-59",,"B0102","Hipertensao","8","3","1246.0","47.7102"
"11","Novembro","40-49",,"B0102","Hipertensao","24","2","1137.0","10.9718"
"11","Novembro","50-59",,"B0102","Hipertensao","6","1","429.0","29.9367"
"11","Novembro","60+",,"B0102","Hipertensao","5","1","933.0","50.2457"
"9","Setembro","0-17",,"B0102","Hipertensao","27","0","0.0","0.0"
"9","Setembro","18-29",,"B0102","Hipertensao","10","0","0.0","0.0"
"9","Setembro","40-49",,"B0102","Hipertensao","12","0","0.0","0.0"
