"v1013","mes_nome","faixa_renda","regiao","item_codigo","item_protecao","n_amostra","qtd_tem_item","pop_estimada_tem_item","pct_tem_item"
"11","Novembro","Sem informacao","Sudeste","F002A1","Sabao ou detergente","66742","66493","5.1445534E7","99.6552"
"9","Setembro","Sem informacao","Sul","F002A3","Mascara","37570","37436","1.6747948E7","99.6611"
"9","Setembro","2 a 4 SM","Sudeste","F002A5","Agua sanitaria ou desinfetante","8365","8302","7422312.0","99.2394"
"11","Novembro","Sem informacao","Sudeste","F002A2","Alcool 70","66742","64623","5.0096514E7","97.0914"
"11","Novembro","Sem informacao","Sudeste","F002A4","Luvas descartaveis","66742","25834","2.2257044E7","43.2971"
"9","Setembro","2 a 4 SM","Sudeste","F002A1","Sabao ou detergente","8365","8352","7480066.0","99.9151"
"9","Setembro","Sem informacao","Sudeste","F002A1","Sabao ou detergente","68403","68137","5.2083122E7","99.6662"
"9","Setembro","2 a 4 SM","Sudeste","F002A4","Luvas descartaveis","8365","4398","4082949.0","54.7539"
"9","Setembro","Sem informacao","Sudeste","F002A4","Luvas descartaveis","68403","27462","2.2887251E7","44.0036"
"9","Setembro","Sem informacao","Sudeste","F002A5","Agua sanitaria ou desinfetante","68403","67251","5.1421598E7","98.4992"
"11","Novembro","Acima 4 SM","Sul","F002A5","Agua sanitaria ou desinfetante","3504","3492","1628765.0","99.7695"
"9","Setembro","2 a 4 SM","Sul","F002A3","Mascara","6934","6924","3240907.0","99.8577"
"11","Novembro","Sem informacao","Sudeste","F002A3","Mascara","66742","66412","5.1429639E7","99.6077"
"9","Setembro","2 a 4 SM","Sudeste","F002A2","Alcool 70","8365","8279","7408975.0","99.005"
"9","Setembro","Sem informacao","Sudeste","F002A2","Alcool 70","68403","66178","5.0667167E7","96.9835"
"11","Novembro","2 a 4 SM","Sudeste","F002A1","Sabao ou detergente","8270","8260","7589524.0","99.901"
"11","Novembro","Acima 4 SM","Sudeste","F002A1","Sabao ou detergente","5085","5078","4865951.0","99.8725"
"11","Novembro","Ate 1 SM","Sudeste","F002A1","Sabao ou detergente","12754","12718","8680470.0","99.771"
"9","Setembro","Acima 4 SM","Sudeste","F002A1","Sabao ou detergente","5263","5258","4935194.0","99.9842"
"9","Setembro","1 a 2 SM","Sul","F002A3","Mascara","13125","13095","6147784.0","99.7829"
"11","Novembro","2 a 4 SM","Sudeste","F002A3","Mascara","8270","8249","7581438.0","99.7945"
"11","Novembro","Acima 4 SM","Sudeste","F002A3","Mascara","5085","5073","4860198.0","99.7545"
"11","Novembro","Ate 1 SM","Sudeste","F002A3","Mascara","12754","12706","8675313.0","99.6967"
"9","Setembro","Acima 4 SM","Sudeste","F002A5","Agua sanitaria ou desinfetante","5263","5238","4912985.0","99.5342"
"9","Setembro","Ate 1 SM","Sudeste","F002A5","Agua sanitaria ou desinfetante","12540","12338","8182894.0","98.5275"
"9","Setembro","1 a 2 SM","Sudeste","F002A5","Agua sanitaria ou desinfetante","18564","18339","1.5927396E7","99.055"
"11","Novembro","2 a 4 SM","Sul","F002A5","Agua sanitaria ou desinfetante","6811","6771","3226491.0","99.5437"
"11","Novembro","2 a 4 SM","Sudeste","F002A4","Luvas descartaveis","8270","4153","4014799.0","53.0463"
"11","Novembro","Acima 4 SM","Sudeste","F002A4","Luvas descartaveis","5085","3007","2943807.0","60.4687"
"11","Novembro","Ate 1 SM","Sudeste","F002A4","Luvas descartaveis","12754","4666","3594592.0","41.4178"
"9","Setembro","Acima 4 SM","Sudeste","F002A4","Luvas descartaveis","5263","3207","3023190.0","61.274"
"11","Novembro","2 a 4 SM","Sudeste","F002A2","Alcool 70","8270","8195","7529536.0","99.1516"
"11","Novembro","Acima 4 SM","Sudeste","F002A2","Alcool 70","5085","5054","4842310.0","99.3873"
"11","Novembro","Ate 1 SM","Sudeste","F002A2","Alcool 70","12754","12349","8438376.0","97.06"
"9","Setembro","Acima 4 SM","Sudeste","F002A2","Alcool 70","5263","5240","4921366.0","99.704"
"9","Setembro","Ate 1 SM","Sudeste","F002A1","Sabao ou detergente","12540","12499","8289134.0","99.7634"
"9","Setembro","1 a 2 SM","Sudeste","F002A1","Sabao ou detergente","18564","18528","1.6073196E7","99.8981"
"11","Novembro","1 a 2 SM","Sudeste","F002A1","Sabao ou detergente","18520","18479","1.6367833E7","99.8525"
"11","Novembro","Sem informacao","Centro-Oeste","F002A1","Sabao ou detergente","23363","23274","9186229.0","99.6261"
"10","Outubro","2 a 4 SM","Sudeste","F002A1","Sabao ou detergente","8265","8253","7602291.0","99.8587"
"10","Outubro","Acima 4 SM","Sudeste","F002A1","Sabao ou detergente","5120","5115","4865671.0","99.9713"
"11","Novembro","1 a 2 SM","Centro-Oeste","F002A1","Sabao ou detergente","7172","7159","2908124.0","99.8396"
"10","Outubro","Sem informacao","Sudeste","F002A1","Sabao ou detergente","66930","66646","5.1522768E7","99.664"
"11","Novembro","Sem informacao","Sul","F002A5","Agua sanitaria ou desinfetante","36399","36017","1.6438822E7","99.1456"
"11","Novembro","Ate 1 SM","Sul","F002A5","Agua sanitaria ou desinfetante","5496","5425","2404814.0","98.8929"
"11","Novembro","1 a 2 SM","Sul","F002A5","Agua sanitaria ou desinfetante","13025","12932","6276379.0","99.4538"
"10","Outubro","1 a 2 SM","Centro-Oeste","F002A5","Agua sanitaria ou desinfetante","7085","6995","2884273.0","98.7042"
"10","Outubro","2 a 4 SM","Sul","F002A5","Agua sanitaria ou desinfetante","6799","6759","3212356.0","99.5377"
"10","Outubro","Sem informacao","Centro-Oeste","F002A5","Agua sanitaria ou desinfetante","23171","22739","9076143.0","98.1991"
"10","Outubro","1 a 2 SM","Sul","F002A5","Agua sanitaria ou desinfetante","13039","12931","6207557.0","99.4592"
"10","Outubro","Ate 1 SM","Centro-Oeste","F002A5","Agua sanitaria ou desinfetante","4461","4369","1837114.0","98.0017"
"11","Novembro","1 a 2 SM","Sudeste","F002A3","Mascara","18520","18447","1.6333986E7","99.6339"
"9","Setembro","Acima 4 SM","Sul","F002A3","Mascara","3505","3501","1621200.0","99.8956"
"9","Setembro","Ate 1 SM","Sul","F002A3","Mascara","5487","5472","2346971.0","99.7631"
"10","Outubro","1 a 2 SM","Centro-Oeste","F002A3","Mascara","7085","7069","2915727.0","99.7235"
"10","Outubro","2 a 4 SM","Sul","F002A3","Mascara","6799","6774","3223464.0","99.7848"
"10","Outubro","Sem informacao","Centro-Oeste","F002A3","Mascara","23171","23068","9215198.0","99.5602"
"11","Novembro","Acima 4 SM","Sul","F002A3","Mascara","3504","3500","1631280.0","99.8972"
"10","Outubro","1 a 2 SM","Sul","F002A3","Mascara","13039","13005","6234746.0","99.7558"
"9","Setembro","Ate 1 SM","Sudeste","F002A2","Alcool 70","12540","12081","8020116.0","96.5719"
"9","Setembro","1 a 2 SM","Sudeste","F002A2","Alcool 70","18564","18198","1.5806462E7","98.253"
"11","Novembro","1 a 2 SM","Sudeste","F002A2","Alcool 70","18520","18139","1.6084627E7","98.1411"
"10","Outubro","2 a 4 SM","Norte","F002A2","Alcool 70","2339","2291","802109.0","98.0512"
"10","Outubro","Acima 4 SM","Norte","F002A2","Alcool 70","1310","1298","438025.0","99.0058"
"10","Outubro","1 a 2 SM","Nordeste","F002A2","Alcool 70","8932","8720","4961251.0","97.6344"
"10","Outubro","1 a 2 SM","Norte","F002A2","Alcool 70","5279","5040","1919501.0","96.0221"
"10","Outubro","Acima 4 SM","Nordeste","F002A2","Alcool 70","1937","1927","1112029.0","99.3486"
"11","Novembro","2 a 4 SM","Centro-Oeste","F002A1","Sabao ou detergente","3649","3645","1483937.0","99.8785"
"10","Outubro","1 a 2 SM","Sudeste","F002A1","Sabao ou detergente","18492","18454","1.6281413E7","99.9008"
"11","Novembro","Ate 1 SM","Centro-Oeste","F002A1","Sabao ou detergente","4605","4590","1906857.0","99.6449"
"10","Outubro","Ate 1 SM","Sudeste","F002A1","Sabao ou detergente","12720","12679","8627447.0","99.6388"
"11","Novembro","Acima 4 SM","Centro-Oeste","F002A1","Sabao ou detergente","2217","2210","914132.0","99.6467"
"11","Novembro","1 a 2 SM","Norte","F002A1","Sabao ou detergente","5359","5338","2008117.0","99.7238"
"11","Novembro","Ate 1 SM","Norte","F002A1","Sabao ou detergente","6984","6959","2879329.0","99.7181"
"11","Novembro","2 a 4 SM","Nordeste","F002A1","Sabao ou detergente","3678","3677","2065079.0","99.9825"
"11","Novembro","1 a 2 SM","Nordeste","F002A1","Sabao ou detergente","9031","9020","5053766.0","99.8347"
"10","Outubro","1 a 2 SM","Nordeste","F002A1","Sabao ou detergente","8932","8921","5080277.0","99.9018"
"11","Novembro","Ate 1 SM","Nordeste","F002A1","Sabao ou detergente","19480","19428","9956472.0","99.6588"
"10","Outubro","Acima 4 SM","Nordeste","F002A1","Sabao ou detergente","1937","1936","1118924.0","99.9646"
"10","Outubro","2 a 4 SM","Nordeste","F002A1","Sabao ou detergente","3634","3631","2078893.0","99.9129"
"11","Novembro","Acima 4 SM","Nordeste","F002A1","Sabao ou detergente","2033","2033","1169619.0","100.0"
"11","Novembro","Acima 4 SM","Norte","F002A1","Sabao ou detergente","1334","1329","428741.0","99.7998"
"11","Novembro","Sem informacao","Nordeste","F002A1","Sabao ou detergente","82109","81748","3.8862219E7","99.5333"
"10","Outubro","2 a 4 SM","Centro-Oeste","F002A5","Agua sanitaria ou desinfetante","3533","3503","1441652.0","99.2878"
"10","Outubro","Ate 1 SM","Sul","F002A5","Agua sanitaria ou desinfetante","5536","5457","2392000.0","98.7619"
"10","Outubro","Acima 4 SM","Centro-Oeste","F002A5","Agua sanitaria ou desinfetante","2204","2185","917807.0","99.0995"
"10","Outubro","Sem informacao","Sul","F002A5","Agua sanitaria ou desinfetante","36753","36333","1.6513204E7","99.0564"
"10","Outubro","Acima 4 SM","Sul","F002A5","Agua sanitaria ou desinfetante","3437","3428","1615560.0","99.8486"
"10","Outubro","1 a 2 SM","Nordeste","F002A5","Agua sanitaria ou desinfetante","8932","8862","5051009.0","99.4253"
"10","Outubro","Acima 4 SM","Nordeste","F002A5","Agua sanitaria ou desinfetante","1937","1933","1117122.0","99.8036"
"10","Outubro","2 a 4 SM","Nordeste","F002A5","Agua sanitaria ou desinfetante","3634","3618","2072360.0","99.7341"
"10","Outubro","Ate 1 SM","Nordeste","F002A5","Agua sanitaria ou desinfetante","19236","19044","9718284.0","99.2175"
"10","Outubro","Sem informacao","Nordeste","F002A5","Agua sanitaria ou desinfetante","82005","80882","3.8704628E7","98.7655"
"11","Novembro","1 a 2 SM","Norte","F002A5","Agua sanitaria ou desinfetante","5359","5302","1997485.0","99.2364"
"11","Novembro","Ate 1 SM","Norte","F002A5","Agua sanitaria ou desinfetante","6984","6886","2850089.0","98.7832"
"11","Novembro","2 a 4 SM","Nordeste","F002A5","Agua sanitaria ou desinfetante","3678","3660","2056049.0","99.6765"
"11","Novembro","1 a 2 SM","Nordeste","F002A5","Agua sanitaria ou desinfetante","9031","8962","5032104.0","99.4476"
"11","Novembro","Ate 1 SM","Nordeste","F002A5","Agua sanitaria ou desinfetante","19480","19317","9924695.0","99.3755"
"11","Novembro","Acima 4 SM","Nordeste","F002A5","Agua sanitaria ou desinfetante","2033","2029","1167432.0","99.8509"
"10","Outubro","Ate 1 SM","Centro-Oeste","F002A3","Mascara","4461","4448","1868048.0","99.6216"
"10","Outubro","2 a 4 SM","Centro-Oeste","F002A3","Mascara","3533","3525","1450700.0","99.798"
"10","Outubro","Ate 1 SM","Sul","F002A3","Mascara","5536","5505","2411829.0","99.5382"
"11","Novembro","2 a 4 SM","Sul","F002A3","Mascara","6811","6791","3238773.0","99.8284"
"10","Outubro","Acima 4 SM","Centro-Oeste","F002A3","Mascara","2204","2191","921096.0","99.4547"
"11","Novembro","Sem informacao","Sul","F002A3","Mascara","36399","36273","1.6541702E7","99.6831"
"11","Novembro","Ate 1 SM","Sul","F002A3","Mascara","5496","5474","2425905.0","99.6857"
"11","Novembro","1 a 2 SM","Sul","F002A3","Mascara","13025","12988","6296458.0","99.6715"
"10","Outubro","Sem informacao","Sul","F002A3","Mascara","36753","36618","1.6629801E7","99.682"
"10","Outubro","Acima 4 SM","Sul","F002A3","Mascara","3437","3434","1617649.0","99.952"
"9","Setembro","Ate 1 SM","Centro-Oeste","F002A3","Mascara","4426","4404","1822141.0","99.5812"
"9","Setembro","Sem informacao","Centro-Oeste","F002A3","Mascara","23649","23520","9276495.0","99.5619"
"9","Setembro","2 a 4 SM","Centro-Oeste","F002A3","Mascara","3614","3606","1451964.0","99.7901"
"9","Setembro","Acima 4 SM","Centro-Oeste","F002A3","Mascara","2228","2222","932016.0","99.8346"
"9","Setembro","1 a 2 SM","Centro-Oeste","F002A3","Mascara","7096","7077","2865919.0","99.7956"
"11","Novembro","Sem informacao","Centro-Oeste","F002A3","Mascara","23363","23258","9184295.0","99.6029"
"9","Setembro","Ate 1 SM","Sudeste","F002A4","Luvas descartaveis","12540","4724","3494885.0","42.1896"
"9","Setembro","1 a 2 SM","Sudeste","F002A4","Luvas descartaveis","18564","8148","7625566.0","47.6121"
"11","Novembro","1 a 2 SM","Sudeste","F002A4","Luvas descartaveis","18520","7758","7524358.0","46.0662"
"10","Outubro","2 a 4 SM","Sul","F002A4","Luvas descartaveis","6799","3781","1748554.0","54.392"
"10","Outubro","1 a 2 SM","Sul","F002A4","Luvas descartaveis","13039","6692","3086856.0","49.5649"
"10","Outubro","Ate 1 SM","Sul","F002A4","Luvas descartaveis","5536","2588","1098276.0","45.4728"
"10","Outubro","Sem informacao","Sul","F002A4","Luvas descartaveis","36753","17694","7764146.0","46.7113"
"10","Outubro","Acima 4 SM","Sul","F002A4","Luvas descartaveis","3437","2112","971157.0","60.1086"
"10","Outubro","2 a 4 SM","Nordeste","F002A2","Alcool 70","3634","3596","2057896.0","98.9317"
"10","Outubro","Ate 1 SM","Nordeste","F002A2","Alcool 70","19236","18412","9417457.0","96.1598"
"10","Outubro","Sem informacao","Norte","F002A2","Alcool 70","31315","29287","1.1551219E7","94.1957"
"10","Outubro","Ate 1 SM","Norte","F002A2","Alcool 70","6929","6535","2724167.0","95.1682"
"10","Outubro","Sem informacao","Nordeste","F002A2","Alcool 70","82005","77528","3.7126716E7","94.7763"
"9","Setembro","Sem informacao","Sul","F002A2","Alcool 70","37570","36464","1.6310528E7","97.1271"
"9","Setembro","2 a 4 SM","Sul","F002A2","Alcool 70","6934","6869","3216358.0","99.1532"
"9","Setembro","Ate 1 SM","Centro-Oeste","F002A2","Alcool 70","4426","4295","1771393.0","96.8376"
"9","Setembro","1 a 2 SM","Sul","F002A2","Alcool 70","13125","12857","6023301.0","97.8321"
"9","Setembro","Sem informacao","Centro-Oeste","F002A2","Alcool 70","23649","22826","8987487.0","96.6855"
"9","Setembro","2 a 4 SM","Centro-Oeste","F002A2","Alcool 70","3614","3565","1435583.0","98.7003"
"9","Setembro","Acima 4 SM","Centro-Oeste","F002A2","Alcool 70","2228","2215","929179.0","99.5307"
"9","Setembro","Ate 1 SM","Sul","F002A2","Alcool 70","5487","5278","2267591.0","96.454"
"9","Setembro","Acima 4 SM","Sul","F002A2","Alcool 70","3505","3481","1613747.0","99.4656"
"9","Setembro","1 a 2 SM","Centro-Oeste","F002A2","Alcool 70","7096","6886","2785375.0","97.1368"
"10","Outubro","2 a 4 SM","Sul","F002A2","Alcool 70","6799","6723","3200205.0","99.1436"
"11","Novembro","Sem informacao","Norte","F002A1","Sabao ou detergente","31440","31283","1.2223433E7","99.6368"
"10","Outubro","Ate 1 SM","Nordeste","F002A1","Sabao ou detergente","19236","19181","9778227.0","99.7841"
"10","Outubro","Sem informacao","Nordeste","F002A1","Sabao ou detergente","82005","81594","3.9028471E7","99.541"
"11","Novembro","2 a 4 SM","Norte","F002A1","Sabao ou detergente","2378","2376","823706.0","99.9661"
"9","Setembro","Sem informacao","Sul","F002A1","Sabao ou detergente","37570","37519","1.6783824E7","99.8689"
"9","Setembro","2 a 4 SM","Sul","F002A1","Sabao ou detergente","6934","6930","3244188.0","99.9588"
"9","Setembro","Ate 1 SM","Centro-Oeste","F002A1","Sabao ou detergente","4426","4412","1824268.0","99.7427"
"9","Setembro","1 a 2 SM","Sul","F002A1","Sabao ou detergente","13125","13108","6153005.0","99.8676"
"9","Setembro","Sem informacao","Centro-Oeste","F002A1","Sabao ou detergente","23649","23572","9299473.0","99.7387"
"9","Setembro","2 a 4 SM","Centro-Oeste","F002A1","Sabao ou detergente","3614","3608","1453688.0","99.8528"
"9","Setembro","Acima 4 SM","Centro-Oeste","F002A1","Sabao ou detergente","2228","2224","932731.0","99.9112"
"9","Setembro","Acima 4 SM","Sul","F002A1","Sabao ou detergente","3505","3503","1621962.0","99.9425"
"9","Setembro","Ate 1 SM","Sul","F002A1","Sabao ou detergente","5487","5478","2348767.0","99.8395"
"9","Setembro","1 a 2 SM","Centro-Oeste","F002A1","Sabao ou detergente","7096","7086","2869283.0","99.9128"
"10","Outubro","2 a 4 SM","Norte","F002A1","Sabao ou detergente","2339","2338","817959.0","99.9887"
"9","Setembro","2 a 4 SM","Norte","F002A1","Sabao ou detergente","2321","2318","817058.0","99.8916"
"10","Outubro","Acima 4 SM","Norte","F002A1","Sabao ou detergente","1310","1303","439945.0","99.4398"
"9","Setembro","Sem informacao","Norte","F002A1","Sabao ou detergente","31843","31682","1.2246931E7","99.6176"
"9","Setembro","Acima 4 SM","Norte","F002A1","Sabao ou detergente","1314","1310","414832.0","99.8068"
"10","Outubro","1 a 2 SM","Norte","F002A1","Sabao ou detergente","5279","5261","1994112.0","99.7472"
"9","Setembro","Ate 1 SM","Norte","F002A1","Sabao ou detergente","7064","7035","2863347.0","99.5832"
"9","Setembro","1 a 2 SM","Norte","F002A1","Sabao ou detergente","5163","5141","1976776.0","99.7769"
"10","Outubro","Sem informacao","Norte","F002A1","Sabao ou detergente","31315","31159","1.2223976E7","99.556"
"10","Outubro","Ate 1 SM","Norte","F002A1","Sabao ou detergente","6929","6904","2855852.0","99.6902"
"10","Outubro","2 a 4 SM","Sul","F002A1","Sabao ou detergente","6799","6789","3228278.0","99.9338"
"10","Outubro","1 a 2 SM","Sul","F002A1","Sabao ou detergente","13039","13014","6241210.0","99.883"
"10","Outubro","Ate 1 SM","Sul","F002A1","Sabao ou detergente","5536","5523","2420021.0","99.8763"
"10","Outubro","Sem informacao","Sul","F002A1","Sabao ou detergente","36753","36675","1.6653798E7","99.8235"
"10","Outubro","Acima 4 SM","Sul","F002A1","Sabao ou detergente","3437","3435","1618018.0","99.9748"
"9","Setembro","Sem informacao","Nordeste","F002A1","Sabao ou detergente","84770","84318","3.9314166E7","99.483"
"9","Setembro","Acima 4 SM","Nordeste","F002A1","Sabao ou detergente","2060","2060","1160826.0","100.0"
"9","Setembro","2 a 4 SM","Nordeste","F002A1","Sabao ou detergente","3725","3722","2066093.0","99.9542"
"11","Novembro","Acima 4 SM","Norte","F002A5","Agua sanitaria ou desinfetante","1334","1322","425891.0","99.1364"
"11","Novembro","Sem informacao","Nordeste","F002A5","Agua sanitaria ou desinfetante","82109","81110","3.8614602E7","98.9499"
"11","Novembro","Sem informacao","Norte","F002A5","Agua sanitaria ou desinfetante","31440","30910","1.2081304E7","98.5594"
"11","Novembro","2 a 4 SM","Norte","F002A5","Agua sanitaria ou desinfetante","2378","2359","819247.0","99.4249"
"11","Novembro","Sem informacao","Centro-Oeste","F002A5","Agua sanitaria ou desinfetante","23363","22974","9062609.0","98.3682"
"9","Setembro","Sem informacao","Sul","F002A5","Agua sanitaria ou desinfetante","37570","37124","1.6623072E7","98.9761"
"9","Setembro","2 a 4 SM","Sul","F002A5","Agua sanitaria ou desinfetante","6934","6887","3225610.0","99.5031"
"9","Setembro","1 a 2 SM","Sul","F002A5","Agua sanitaria ou desinfetante","13125","13015","6116816.0","99.3366"
"11","Novembro","1 a 2 SM","Centro-Oeste","F002A5","Agua sanitaria ou desinfetante","7172","7090","2879076.0","98.846"
"11","Novembro","2 a 4 SM","Centro-Oeste","F002A5","Agua sanitaria ou desinfetante","3649","3624","1474037.0","99.3002"
"11","Novembro","Ate 1 SM","Centro-Oeste","F002A5","Agua sanitaria ou desinfetante","4605","4524","1878506.0","98.1739"
"9","Setembro","Ate 1 SM","Sul","F002A5","Agua sanitaria ou desinfetante","5487","5398","2313696.0","98.3916"
"9","Setembro","Acima 4 SM","Sul","F002A5","Agua sanitaria ou desinfetante","3505","3492","1618081.0","99.7034"
"11","Novembro","Acima 4 SM","Centro-Oeste","F002A5","Agua sanitaria ou desinfetante","2217","2200","909800.0","99.1745"
"9","Setembro","Sem informacao","Nordeste","F002A5","Agua sanitaria ou desinfetante","84770","83513","3.8909482E7","98.5432"
"9","Setembro","Acima 4 SM","Nordeste","F002A5","Agua sanitaria ou desinfetante","2060","2052","1157421.0","99.7643"
"9","Setembro","2 a 4 SM","Nordeste","F002A5","Agua sanitaria ou desinfetante","3725","3703","2056509.0","99.6587"
"9","Setembro","Ate 1 SM","Nordeste","F002A5","Agua sanitaria ou desinfetante","19354","19155","9498875.0","99.1573"
"9","Setembro","1 a 2 SM","Nordeste","F002A5","Agua sanitaria ou desinfetante","8915","8840","4907936.0","99.4084"
"11","Novembro","Sem informacao","Sudeste","F002A5","Agua sanitaria ou desinfetante","66742","65786","5.0891751E7","98.6756"
"10","Outubro","2 a 4 SM","Norte","F002A5","Agua sanitaria ou desinfetante","2339","2320","811765.0","99.4209"
"11","Novembro","2 a 4 SM","Sudeste","F002A5","Agua sanitaria ou desinfetante","8270","8227","7545797.0","99.4242"
"10","Outubro","Acima 4 SM","Norte","F002A5","Agua sanitaria ou desinfetante","1310","1297","438153.0","99.0348"
"11","Novembro","Acima 4 SM","Sudeste","F002A5","Agua sanitaria ou desinfetante","5085","5065","4853645.0","99.6199"
"11","Novembro","Ate 1 SM","Sudeste","F002A5","Agua sanitaria ou desinfetante","12754","12597","8601422.0","98.9071"
"10","Outubro","1 a 2 SM","Norte","F002A5","Agua sanitaria ou desinfetante","5279","5220","1981426.0","99.1705"
"11","Novembro","1 a 2 SM","Sudeste","F002A5","Agua sanitaria ou desinfetante","18520","18324","1.6247777E7","99.1902"
"10","Outubro","Sem informacao","Norte","F002A5","Agua sanitaria ou desinfetante","31315","30768","1.2077639E7","98.4196"
"10","Outubro","Ate 1 SM","Norte","F002A5","Agua sanitaria ou desinfetante","6929","6834","2828062.0","98.7488"
"10","Outubro","2 a 4 SM","Sudeste","F002A5","Agua sanitaria ou desinfetante","8265","8215","7556599.0","99.3562"
"10","Outubro","Acima 4 SM","Sudeste","F002A5","Agua sanitaria ou desinfetante","5120","5099","4847654.0","99.6011"
"10","Outubro","Sem informacao","Sudeste","F002A5","Agua sanitaria ou desinfetante","66930","65879","5.0923571E7","98.6309"
"11","Novembro","1 a 2 SM","Centro-Oeste","F002A3","Mascara","7172","7153","2902762.0","99.6555"
"11","Novembro","2 a 4 SM","Centro-Oeste","F002A3","Mascara","3649","3642","1482888.0","99.8078"
"11","Novembro","Ate 1 SM","Centro-Oeste","F002A3","Mascara","4605","4587","1906600.0","99.6314"
"11","Novembro","Acima 4 SM","Centro-Oeste","F002A3","Mascara","2217","2206","911671.0","99.3784"
"9","Setembro","Sem informacao","Nordeste","F002A3","Mascara","84770","84322","3.9326549E7","99.5154"
"9","Setembro","Acima 4 SM","Nordeste","F002A3","Mascara","2060","2059","1160368.0","99.9606"
"9","Setembro","2 a 4 SM","Nordeste","F002A3","Mascara","3725","3717","2064339.0","99.8694"
"9","Setembro","Ate 1 SM","Nordeste","F002A3","Mascara","19354","19277","9544887.0","99.5971"
"9","Setembro","1 a 2 SM","Nordeste","F002A3","Mascara","8915","8898","4940400.0","99.8326"
"9","Setembro","2 a 4 SM","Sudeste","F002A3","Mascara","8365","8338","7471138.0","99.7959"
"9","Setembro","Sem informacao","Sudeste","F002A3","Mascara","68403","68052","5.2082561E7","99.6551"
"9","Setembro","Acima 4 SM","Sudeste","F002A3","Mascara","5263","5248","4925639.0","99.7971"
"9","Setembro","Ate 1 SM","Sudeste","F002A3","Mascara","12540","12479","8281739.0","99.6706"
"9","Setembro","1 a 2 SM","Sudeste","F002A3","Mascara","18564","18493","1.6050773E7","99.7438"
"10","Outubro","2 a 4 SM","Sudeste","F002A3","Mascara","8265","8243","7606882.0","99.9224"
"10","Outubro","Acima 4 SM","Sudeste","F002A3","Mascara","5120","5109","4859910.0","99.8595"
"10","Outubro","Sem informacao","Sudeste","F002A3","Mascara","66930","66620","5.1542316E7","99.6849"
"10","Outubro","1 a 2 SM","Sudeste","F002A3","Mascara","18492","18426","1.6256601E7","99.7342"
"10","Outubro","Ate 1 SM","Sudeste","F002A3","Mascara","12720","12669","8630070.0","99.6656"
"10","Outubro","2 a 4 SM","Norte","F002A3","Mascara","2339","2330","815297.0","99.666"
"10","Outubro","Acima 4 SM","Norte","F002A3","Mascara","1310","1306","440716.0","99.6141"
"10","Outubro","1 a 2 SM","Norte","F002A3","Mascara","5279","5259","1990910.0","99.587"
"10","Outubro","Sem informacao","Norte","F002A3","Mascara","31315","31067","1.2188731E7","99.3238"
"10","Outubro","Ate 1 SM","Norte","F002A3","Mascara","6929","6867","2842767.0","99.2614"
"11","Novembro","1 a 2 SM","Norte","F002A3","Mascara","5359","5337","2005454.0","99.5916"
"11","Novembro","Ate 1 SM","Norte","F002A3","Mascara","6984","6916","2862105.0","99.1428"
"11","Novembro","2 a 4 SM","Nordeste","F002A3","Mascara","3678","3670","2061904.0","99.8287"
"11","Novembro","1 a 2 SM","Nordeste","F002A3","Mascara","9031","9003","5042878.0","99.6196"
"10","Outubro","1 a 2 SM","Nordeste","F002A3","Mascara","8932","8906","5069754.0","99.7238"
"11","Novembro","Ate 1 SM","Nordeste","F002A3","Mascara","19480","19394","9948411.0","99.5772"
"10","Outubro","Acima 4 SM","Nordeste","F002A3","Mascara","1937","1933","1117534.0","99.8404"
"10","Outubro","2 a 4 SM","Nordeste","F002A3","Mascara","3634","3624","2075492.0","99.7494"
"9","Setembro","Ate 1 SM","Nordeste","F002A1","Sabao ou detergente","19354","19295","9557834.0","99.7283"
"9","Setembro","1 a 2 SM","Nordeste","F002A1","Sabao ou detergente","8915","8903","4944254.0","99.9105"
"11","Novembro","Acima 4 SM","Sul","F002A1","Sabao ou detergente","3504","3503","1632744.0","99.9868"
"11","Novembro","2 a 4 SM","Sul","F002A1","Sabao ou detergente","6811","6803","3242346.0","99.9385"
"11","Novembro","Sem informacao","Sul","F002A1","Sabao ou detergente","36399","36330","1.6570204E7","99.8528"
"11","Novembro","Ate 1 SM","Sul","F002A1","Sabao ou detergente","5496","5484","2430591.0","99.8782"
"11","Novembro","1 a 2 SM","Sul","F002A1","Sabao ou detergente","13025","13007","6310174.0","99.8941"
"10","Outubro","1 a 2 SM","Centro-Oeste","F002A1","Sabao ou detergente","7085","7076","2919723.0","99.8602"
"10","Outubro","Sem informacao","Centro-Oeste","F002A1","Sabao ou detergente","23171","23098","9226525.0","99.6876"
"10","Outubro","Ate 1 SM","Centro-Oeste","F002A1","Sabao ou detergente","4461","4450","1870374.0","99.7456"
"10","Outubro","2 a 4 SM","Centro-Oeste","F002A1","Sabao ou detergente","3533","3526","1451406.0","99.8465"
"10","Outubro","Acima 4 SM","Centro-Oeste","F002A1","Sabao ou detergente","2204","2194","922041.0","99.5567"
"11","Novembro","1 a 2 SM","Norte","F002A4","Luvas descartaveis","5359","1959","715422.0","35.6006"
"11","Novembro","Ate 1 SM","Norte","F002A4","Luvas descartaveis","6984","2120","848360.0","29.4349"
"11","Novembro","Acima 4 SM","Sul","F002A4","Luvas descartaveis","3504","2084","950356.0","58.3324"
"11","Novembro","Acima 4 SM","Norte","F002A4","Luvas descartaveis","1334","668","210893.0","49.1275"
"11","Novembro","2 a 4 SM","Sul","F002A4","Luvas descartaveis","6811","3694","1722919.0","53.284"
"11","Novembro","Sem informacao","Norte","F002A4","Luvas descartaveis","31440","8847","3320274.0","27.1352"
"11","Novembro","Sem informacao","Sul","F002A4","Luvas descartaveis","36399","17096","7545994.0","45.6217"
"11","Novembro","2 a 4 SM","Norte","F002A4","Luvas descartaveis","2378","1005","339143.0","41.1969"
"11","Novembro","Ate 1 SM","Sul","F002A4","Luvas descartaveis","5496","2513","1083167.0","44.5794"
"11","Novembro","1 a 2 SM","Sul","F002A4","Luvas descartaveis","13025","6530","3064455.0","48.649"
"9","Setembro","Sem informacao","Nordeste","F002A4","Luvas descartaveis","84770","23653","1.1405631E7","28.9418"
"9","Setembro","Acima 4 SM","Nordeste","F002A4","Luvas descartaveis","2060","1195","681569.0","58.7972"
"11","Novembro","2 a 4 SM","Nordeste","F002A4","Luvas descartaveis","3678","1648","923420.0","44.9239"
"11","Novembro","1 a 2 SM","Nordeste","F002A4","Luvas descartaveis","9031","3401","1909028.0","37.7813"
"9","Setembro","2 a 4 SM","Nordeste","F002A4","Luvas descartaveis","3725","1765","980769.0","47.5419"
"11","Novembro","Ate 1 SM","Nordeste","F002A4","Luvas descartaveis","19480","5782","3067373.0","30.7552"
"10","Outubro","2 a 4 SM","Sudeste","F002A2","Alcool 70","8265","8179","7536208.0","99.0151"
"10","Outubro","Acima 4 SM","Sudeste","F002A2","Alcool 70","5120","5098","4849402.0","99.6371"
"10","Outubro","1 a 2 SM","Sul","F002A2","Alcool 70","13039","12762","6110002.0","97.8324"
"10","Outubro","Sem informacao","Sudeste","F002A2","Alcool 70","66930","64783","5.0199789E7","97.1281"
"10","Outubro","1 a 2 SM","Sudeste","F002A2","Alcool 70","18492","18137","1.6017321E7","98.2845"
"10","Outubro","Ate 1 SM","Sul","F002A2","Alcool 70","5536","5314","2331389.0","96.2725"
"10","Outubro","Ate 1 SM","Sudeste","F002A2","Alcool 70","12720","12301","8374933.0","96.7532"
"10","Outubro","Sem informacao","Sul","F002A2","Alcool 70","36753","35689","1.6196713E7","97.1488"
"10","Outubro","Acima 4 SM","Sul","F002A2","Alcool 70","3437","3408","1609339.0","99.4588"
"11","Novembro","Acima 4 SM","Sul","F002A2","Alcool 70","3504","3482","1623870.0","99.4648"
"11","Novembro","2 a 4 SM","Sul","F002A2","Alcool 70","6811","6753","3220621.0","99.344"
"11","Novembro","Sem informacao","Sul","F002A2","Alcool 70","36399","35420","1.6151419E7","97.3783"
"11","Novembro","Ate 1 SM","Sul","F002A2","Alcool 70","5496","5314","2357524.0","96.9714"
"11","Novembro","1 a 2 SM","Sul","F002A2","Alcool 70","13025","12774","6189847.0","98.0534"
"9","Setembro","Sem informacao","Nordeste","F002A2","Alcool 70","84770","80306","3.7425746E7","94.8045"
"9","Setembro","Acima 4 SM","Nordeste","F002A2","Alcool 70","2060","2052","1155555.0","99.5459"
"9","Setembro","2 a 4 SM","Nordeste","F002A2","Alcool 70","3725","3692","2048013.0","99.1168"
"9","Setembro","Ate 1 SM","Nordeste","F002A2","Alcool 70","19354","18560","9202750.0","96.0717"
"9","Setembro","1 a 2 SM","Nordeste","F002A2","Alcool 70","8915","8697","4816538.0","97.3755"
"11","Novembro","2 a 4 SM","Nordeste","F002A2","Alcool 70","3678","3636","2044665.0","99.0356"
"11","Novembro","1 a 2 SM","Nordeste","F002A2","Alcool 70","9031","8798","4940395.0","97.6073"
"11","Novembro","Ate 1 SM","Nordeste","F002A2","Alcool 70","19480","18658","9613033.0","96.2527"
"11","Novembro","Acima 4 SM","Nordeste","F002A2","Alcool 70","2033","2021","1160833.0","99.4558"
"11","Novembro","Sem informacao","Nordeste","F002A2","Alcool 70","82109","77741","3.7148948E7","95.2114"
"11","Novembro","Sem informacao","Centro-Oeste","F002A2","Alcool 70","23363","22651","8955337.0","97.2669"
"10","Outubro","1 a 2 SM","Centro-Oeste","F002A2","Alcool 70","7085","6881","2838766.0","97.208"
"10","Outubro","Sem informacao","Centro-Oeste","F002A2","Alcool 70","23171","22352","8926454.0","96.683"
"11","Novembro","1 a 2 SM","Centro-Oeste","F002A2","Alcool 70","7172","7004","2849403.0","97.8992"
"10","Outubro","Ate 1 SM","Centro-Oeste","F002A2","Alcool 70","4461","4285","1801622.0","96.1562"
"11","Novembro","2 a 4 SM","Centro-Oeste","F002A2","Alcool 70","3649","3604","1468193.0","98.8736"
"10","Outubro","2 a 4 SM","Centro-Oeste","F002A2","Alcool 70","3533","3478","1431179.0","98.5619"
"11","Novembro","Ate 1 SM","Centro-Oeste","F002A2","Alcool 70","4605","4446","1843172.0","96.4349"
"10","Outubro","1 a 2 SM","Sudeste","F002A5","Agua sanitaria ou desinfetante","18492","18283","1.6145935E7","99.1576"
"10","Outubro","Ate 1 SM","Sudeste","F002A5","Agua sanitaria ou desinfetante","12720","12531","8522118.0","98.5211"
"9","Setembro","Ate 1 SM","Centro-Oeste","F002A5","Agua sanitaria ou desinfetante","4426","4331","1785455.0","97.661"
"9","Setembro","Sem informacao","Centro-Oeste","F002A5","Agua sanitaria ou desinfetante","23649","23205","9148041.0","98.2518"
"9","Setembro","2 a 4 SM","Centro-Oeste","F002A5","Agua sanitaria ou desinfetante","3614","3578","1440819.0","99.1409"
"9","Setembro","Acima 4 SM","Centro-Oeste","F002A5","Agua sanitaria ou desinfetante","2228","2212","928036.0","99.4083"
"9","Setembro","1 a 2 SM","Centro-Oeste","F002A5","Agua sanitaria ou desinfetante","7096","6999","2833578.0","98.7392"
"9","Setembro","2 a 4 SM","Norte","F002A5","Agua sanitaria ou desinfetante","2321","2308","814274.0","99.5942"
"9","Setembro","Sem informacao","Norte","F002A5","Agua sanitaria ou desinfetante","31843","31306","1.2100274E7","98.4795"
"9","Setembro","Acima 4 SM","Norte","F002A5","Agua sanitaria ou desinfetante","1314","1307","413205.0","99.4155"
"9","Setembro","Ate 1 SM","Norte","F002A5","Agua sanitaria ou desinfetante","7064","6960","2837066.0","98.7845"
"9","Setembro","1 a 2 SM","Norte","F002A5","Agua sanitaria ou desinfetante","5163","5103","1967597.0","99.3504"
"9","Setembro","Ate 1 SM","Nordeste","F002A4","Luvas descartaveis","19354","6073","3088841.0","32.2829"
"9","Setembro","1 a 2 SM","Nordeste","F002A4","Luvas descartaveis","8915","3529","1952935.0","39.5454"
"11","Novembro","Acima 4 SM","Nordeste","F002A4","Luvas descartaveis","2033","1131","641410.0","55.0412"
"11","Novembro","Sem informacao","Nordeste","F002A4","Luvas descartaveis","82109","21677","1.0789041E7","27.7033"
"10","Outubro","1 a 2 SM","Nordeste","F002A4","Luvas descartaveis","8932","3400","1925419.0","37.9844"
"10","Outubro","Acima 4 SM","Nordeste","F002A4","Luvas descartaveis","1937","1083","621856.0","55.7231"
"10","Outubro","2 a 4 SM","Nordeste","F002A4","Luvas descartaveis","3634","1619","925194.0","44.5828"
"10","Outubro","Ate 1 SM","Nordeste","F002A4","Luvas descartaveis","19236","5830","3080764.0","31.5046"
"10","Outubro","Sem informacao","Nordeste","F002A4","Luvas descartaveis","82005","21831","1.0945107E7","27.9902"
"9","Setembro","Sem informacao","Sul","F002A4","Luvas descartaveis","37570","18148","7913233.0","47.2959"
"9","Setembro","2 a 4 SM","Sul","F002A4","Luvas descartaveis","6934","3904","1780331.0","55.0682"
"9","Setembro","1 a 2 SM","Sul","F002A4","Luvas descartaveis","13125","6742","3074362.0","50.1685"
"10","Outubro","2 a 4 SM","Sudeste","F002A4","Luvas descartaveis","8265","4212","4088555.0","53.8876"
"10","Outubro","Acima 4 SM","Sudeste","F002A4","Luvas descartaveis","5120","3048","2914122.0","59.8904"
"10","Outubro","Sem informacao","Sudeste","F002A4","Luvas descartaveis","66930","26398","2.2502247E7","43.7233"
"10","Outubro","1 a 2 SM","Sudeste","F002A4","Luvas descartaveis","18492","7968","7583334.0","46.7144"
"9","Setembro","Ate 1 SM","Sul","F002A4","Luvas descartaveis","5487","2627","1114829.0","47.5796"
"9","Setembro","Acima 4 SM","Sul","F002A4","Luvas descartaveis","3505","2176","990555.0","61.2257"
"10","Outubro","Ate 1 SM","Sudeste","F002A4","Luvas descartaveis","12720","4723","3633340.0","42.0856"
"10","Outubro","1 a 2 SM","Centro-Oeste","F002A4","Luvas descartaveis","7085","2763","1150197.0","39.5257"
"10","Outubro","Sem informacao","Centro-Oeste","F002A4","Luvas descartaveis","23171","8097","3268447.0","35.5007"
"10","Outubro","Ate 1 SM","Centro-Oeste","F002A4","Luvas descartaveis","4461","1487","630730.0","33.6874"
"10","Outubro","2 a 4 SM","Centro-Oeste","F002A4","Luvas descartaveis","3533","1613","678353.0","46.8164"
"10","Outubro","Acima 4 SM","Centro-Oeste","F002A4","Luvas descartaveis","2204","1231","516473.0","55.8624"
"11","Novembro","Sem informacao","Centro-Oeste","F002A4","Luvas descartaveis","23363","7893","3165504.0","34.4348"
"11","Novembro","1 a 2 SM","Centro-Oeste","F002A4","Luvas descartaveis","7172","2705","1089095.0","37.5044"
"11","Novembro","2 a 4 SM","Centro-Oeste","F002A4","Luvas descartaveis","3649","1626","668036.0","45.0532"
"11","Novembro","Ate 1 SM","Centro-Oeste","F002A4","Luvas descartaveis","4605","1514","634197.0","33.1827"
"11","Novembro","Acima 4 SM","Centro-Oeste","F002A4","Luvas descartaveis","2217","1198","502707.0","54.856"
"9","Setembro","Ate 1 SM","Centro-Oeste","F002A4","Luvas descartaveis","4426","1571","649926.0","35.5664"
"9","Setembro","Sem informacao","Centro-Oeste","F002A4","Luvas descartaveis","23649","8675","3437237.0","37.0578"
"9","Setembro","2 a 4 SM","Centro-Oeste","F002A4","Luvas descartaveis","3614","1747","715497.0","49.3156"
"10","Outubro","Acima 4 SM","Centro-Oeste","F002A2","Alcool 70","2204","2183","917763.0","99.0947"
"11","Novembro","Acima 4 SM","Centro-Oeste","F002A2","Alcool 70","2217","2202","910328.0","99.232"
"9","Setembro","2 a 4 SM","Norte","F002A2","Alcool 70","2321","2288","807808.0","98.8452"
"9","Setembro","Sem informacao","Norte","F002A2","Alcool 70","31843","29842","1.1587822E7","94.324"
"9","Setembro","Acima 4 SM","Norte","F002A2","Alcool 70","1314","1303","411562.0","99.02"
"9","Setembro","Ate 1 SM","Norte","F002A2","Alcool 70","7064","6649","2725169.0","94.8042"
"9","Setembro","1 a 2 SM","Norte","F002A2","Alcool 70","5163","4957","1916778.0","96.7485"
"11","Novembro","1 a 2 SM","Norte","F002A2","Alcool 70","5359","5128","1938960.0","96.3075"
"11","Novembro","Ate 1 SM","Norte","F002A2","Alcool 70","6984","6550","2733048.0","94.7388"
"11","Novembro","Acima 4 SM","Norte","F002A2","Alcool 70","1334","1329","428813.0","99.8164"
"11","Novembro","Sem informacao","Norte","F002A2","Alcool 70","31440","29337","1.1538161E7","94.1492"
"11","Novembro","2 a 4 SM","Norte","F002A2","Alcool 70","2378","2327","807698.0","98.0233"
"11","Novembro","Acima 4 SM","Nordeste","F002A3","Mascara","2033","2030","1168183.0","99.8772"
"11","Novembro","Acima 4 SM","Norte","F002A3","Mascara","1334","1330","428681.0","99.7857"
"11","Novembro","Sem informacao","Nordeste","F002A3","Mascara","82109","81623","3.8832496E7","99.4551"
"11","Novembro","Sem informacao","Norte","F002A3","Mascara","31440","31174","1.2175516E7","99.2932"
"10","Outubro","Ate 1 SM","Nordeste","F002A3","Mascara","19236","19145","9756167.0","99.5595"
"10","Outubro","Sem informacao","Nordeste","F002A3","Mascara","82005","81496","3.8992876E7","99.4557"
"11","Novembro","2 a 4 SM","Norte","F002A3","Mascara","2378","2362","818543.0","99.3422"
"9","Setembro","2 a 4 SM","Norte","F002A3","Mascara","2321","2311","814948.0","99.6363"
"9","Setembro","Sem informacao","Norte","F002A3","Mascara","31843","31554","1.2197151E7","99.2115"
"9","Setembro","Acima 4 SM","Norte","F002A3","Mascara","1314","1310","413711.0","99.5371"
"9","Setembro","Ate 1 SM","Norte","F002A3","Mascara","7064","6994","2853218.0","99.2309"
"9","Setembro","1 a 2 SM","Norte","F002A3","Mascara","5163","5139","1974755.0","99.6749"
"9","Setembro","Acima 4 SM","Centro-Oeste","F002A4","Luvas descartaveis","2228","1285","546138.0","58.6445"
"9","Setembro","1 a 2 SM","Centro-Oeste","F002A4","Luvas descartaveis","7096","2838","1174530.0","41.0474"
"9","Setembro","2 a 4 SM","Norte","F002A4","Luvas descartaveis","2321","1061","379912.0","46.4992"
"9","Setembro","Sem informacao","Norte","F002A4","Luvas descartaveis","31843","9480","3585888.0","29.2441"
"9","Setembro","Acima 4 SM","Norte","F002A4","Luvas descartaveis","1314","710","224340.0","54.0856"
"9","Setembro","Ate 1 SM","Norte","F002A4","Luvas descartaveis","7064","2236","902139.0","31.4282"
"9","Setembro","1 a 2 SM","Norte","F002A4","Luvas descartaveis","5163","2025","752259.0","38.0589"
"10","Outubro","2 a 4 SM","Norte","F002A4","Luvas descartaveis","2339","995","339812.0","41.6785"
"10","Outubro","Acima 4 SM","Norte","F002A4","Luvas descartaveis","1310","698","229206.0","51.8449"
"10","Outubro","1 a 2 SM","Norte","F002A4","Luvas descartaveis","5279","2004","752579.0","37.7398"
"10","Outubro","Sem informacao","Norte","F002A4","Luvas descartaveis","31315","8893","3403975.0","27.8117"
"10","Outubro","Ate 1 SM","Norte","F002A4","Luvas descartaveis","6929","2082","838759.0","29.3381"
